b6601fa7c90225a3c0e3c2bcf785f3c1  ,/Columbia_LCAAJ_14-003_Shipment001/LCAAJ_Box087/TIFFs/LCAAJ_87_AnsSheet_48223/LCAAJ_87_AnsSheet_48223_001A.tif,LCAAJ_Box087,LCAAJ_87_AnsSheet_48223_001A.tif,restricted,redacted,dont publish
6e4caffa618927e1dd7334e4b674265c  ,/Columbia_LCAAJ_14-003_Shipment001/LCAAJ_Box084/TIFFs/LCAAJ_84_AnsSheet_47302/LCAAJ_84_AnsSheet_47302_00B.tif,LCAAJ_Box084,LCAAJ_84_AnsSheet_47302_00B.tif,restricted,redacted,dont publish
9b6a8e9b698c20a66c28fc58c3862e0a  ,/Columbia_LCAAJ_14-003_Shipment001/LCAAJ_Box084/TIFFs/LCAAJ_84_AnsSheet_47302/LCAAJ_84_AnsSheet_47302_00C.tif,LCAAJ_Box084,LCAAJ_84_AnsSheet_47302_00C.tif,restricted,redacted,dont publish
385b85d43daf5c06065850b55d7511f6  ,/Columbia_LCAAJ_14-003_Shipment001/LCAAJ_Box081/TIFFs/LCAAJ_81_AnsSheet_47267/LCAAJ_81_AnsSheet_47267_001.tif,LCAAJ_Box081,LCAAJ_81_AnsSheet_47267_001.tif,restricted,redacted,dont publish
c32a571033a8ab91703b5c02ef98b405  ,/Columbia_LCAAJ_14-003_Shipment001/LCAAJ_Box077/TIFFs/LCAAJ_77_AnsSheet_47075/LCAAJ_77_AnsSheet_47075_XXX_001.tif,LCAAJ_Box077,LCAAJ_77_AnsSheet_47075_XXX_001.tif,restricted,redacted,dont publish
4b44e86f5964431d9c5dda5b7d660cfe  ,/Columbia_LCAAJ_14-003_Shipment001/LCAAJ_Box077/TIFFs/LCAAJ_77_AnsSheet_46338/LCAAJ_77_AnsSheet_46338_064A.tif,LCAAJ_Box077,LCAAJ_77_AnsSheet_46338_064A.tif,restricted,redacted,dont publish
2d7353695d60d0ffd0a2f40fd80d3dec  ,/Columbia_LCAAJ_14-003_Shipment001/LCAAJ_Box090/TIFFS/LCAAJ_90_AnsSheet_48261/LCAAJ_90_AnsSheet_48261_169A.tif,LCAAJ_Box090,LCAAJ_90_AnsSheet_48261_169A.tif,restricted,redacted,dont publish
9a494772b693dfe6e472d86008127409  ,/Columbia_LCAAJ_14-003_Shipment001/LCAAJ_Box090/TIFFS/LCAAJ_90_AnsSheet_48261/LCAAJ_90_AnsSheet_48261_175.tif,LCAAJ_Box090,LCAAJ_90_AnsSheet_48261_175.tif,restricted,redacted,dont publish
795b63afc696d52025fbad00d84df84f  ,/Columbia_LCAAJ_14-003_Shipment001/LCAAJ_Box082/TIFFs/LCAAJ_82_AnsSheet_47283/LCAAJ_82_AnsSheet_47283_221.tif,LCAAJ_Box082,LCAAJ_82_AnsSheet_47283_221.tif,restricted,redacted,dont publish
7862d6ab0318d8d608f1acbd25b45082  ,/Columbia_LCAAJ_14-003_Shipment004/LCAAJ_Box111/TIFFS/LCAAJ_111_AnsSheet_50206/LCAAJ_111_AnsSheet_50206_002A.tif,LCAAJ_Box111,LCAAJ_111_AnsSheet_50206_002A.tif,restricted,redacted,dont publish
8b874cf69a7c0887ca48e63c827f22c5  ,/Columbia_LCAAJ_14-003_Shipment006_part2/LCAAJ_Box176/TIFFS/LCAAJ_176_AnsSheet_47084/LCAAJ_176_AnsSheet_47084_00A.tif,LCAAJ_Box176,LCAAJ_176_AnsSheet_47084_00A.tif,restricted,redacted,dont publish
5e503d3331c551ad7e7e16ed311b883b  ,/Columbia_LCAAJ_14-003_Shipment006_part2/LCAAJ_Box176/TIFFS/LCAAJ_176_AnsSheet_49079/LCAAJ_176_AnsSheet_49079_237B.tif,LCAAJ_Box176,LCAAJ_176_AnsSheet_49079_237B.tif,restricted,redacted,dont publish
726ab3d60e4c46396353a632ce105863  ,/Columbia_LCAAJ_14-003_Shipment006_part2/LCAAJ_Box176/TIFFS/LCAAJ_176_AnsSheet_48177/LCAAJ_176_AnsSheet_48177_237B.tif,LCAAJ_Box176,LCAAJ_176_AnsSheet_48177_237B.tif,restricted,redacted,dont publish
f144566fdbd2f4bbafa2d95a4d9083c0  ,/Columbia_LCAAJ_14-003_Shipment006_part2/LCAAJ_Box169/TIFFS/LCAAJ_169_AnsSheet_56274A/LCAAJ_169_AnsSheet_56274A_018A.tif,LCAAJ_Box169,LCAAJ_169_AnsSheet_56274A_018A.tif,restricted,redacted,dont publish
f4375662af46dcb802991f040d901858  ,/Columbia_LCAAJ_14-003_Shipment006_part2/LCAAJ_Box173/TIFFS/LCAAJ_173_AnsSheet_43259/LCAAJ_173_AnsSheet_43259_00B.tif,LCAAJ_Box173,LCAAJ_173_AnsSheet_43259_00B.tif,restricted,redacted,dont publish
ed4c3559a8cbe7952261955c7f5fbca7  ,/Columbia_LCAAJ_14-003_Shipment006_part2/LCAAJ_Box179/TIFFS/LCAAJ_179_AnsSheet_51099/LCAAJ_179_AnsSheet_51099_002.tif,LCAAJ_Box179,LCAAJ_179_AnsSheet_51099_002.tif,restricted,redacted,dont publish
1a89b9752b94b4db4f6ec223c411dad4  ,/Columbia_LCAAJ_14-003_Shipment006_part2/LCAAJ_Box180/TIFFS/LCAAJ_180_AnsSheet_52046/LCAAJ_180_AnsSheet_52046_237A.tif,LCAAJ_Box180,LCAAJ_180_AnsSheet_52046_237A.tif,restricted,redacted,dont publish
60cf048919a0bb1c93daaaf03e83b5f9  ,/Columbia_LCAAJ_14-003_Shipment006_part2/LCAAJ_Box180/TIFFS/LCAAJ_180_AnsSheet_51168/LCAAJ_180_AnsSheet_51168_237B.tif,LCAAJ_Box180,LCAAJ_180_AnsSheet_51168_237B.tif,restricted,redacted,dont publish
47311c067f6d9d2bbe81f2dd43c358de  ,/Columbia_LCAAJ_14-003_Shipment006_part2/LCAAJ_Box177/TIFFS/LCAAJ_177_AnsSheet_49103/LCAAJ_177_AnsSheet_49103_009.tif,LCAAJ_Box177,LCAAJ_177_AnsSheet_49103_009.tif,restricted,redacted,dont publish
2f97dcb34c113daa57415bbf4bb9d83e  ,/Columbia_LCAAJ_14-003_Shipment006_part2/LCAAJ_Box177/TIFFS/LCAAJ_177_AnsSheet_49175/LCAAJ_177_AnsSheet_49175_237B.tif,LCAAJ_Box177,LCAAJ_177_AnsSheet_49175_237B.tif,restricted,redacted,dont publish
8a9fc6ce32233eaf7b618336e17df30f  ,/Columbia_LCAAJ_14-003_Shipment006_part2/LCAAJ_Box178/TIFFS/LCAAJ_178_AnsSheet_50069/LCAAJ_178_AnsSheet_50069_237B.tif,LCAAJ_Box178,LCAAJ_178_AnsSheet_50069_237B.tif,restricted,redacted,dont publish
f05836b0caf35bfa533789c9563b8209  ,/Columbia_LCAAJ_14-003_Shipment006_part2/LCAAJ_Box181/TIFFS/LCAAJ_181_AnsSheet_53075A/LCAAJ_181_AnsSheet_53075A_237A.tif,LCAAJ_Box181,LCAAJ_181_AnsSheet_53075A_237A.tif,restricted,redacted,dont publish
769106bde3c3c562829b36171fea20a6  ,/Columbia_LCAAJ_14-003_Shipment006_part2/LCAAJ_Box162/TIFFS/LCAAJ_162_AnsSheet_55249/LCAAJ_162_AnsSheet_55249_132.tif,LCAAJ_Box162,LCAAJ_162_AnsSheet_55249_132.tif,restricted,redacted,dont publish
a3057f5f3b59ae79304006e299138dc2  ,/Columbia_LCAAJ_14-003_Shipment006_part2/LCAAJ_Box164/TIFFS/LCAAJ_164_AnsSheet_55268/LCAAJ_164_AnsSheet_55268_167.tif,LCAAJ_Box164,LCAAJ_164_AnsSheet_55268_167.tif,restricted,redacted,dont publish
894090654222471ebf1535c540146b20  ,/Columbia_LCAAJ_14-003_Shipment006_part2/LCAAJ_Box164/TIFFS/LCAAJ_164_AnsSheet_55268/LCAAJ_164_AnsSheet_55268_151.tif,LCAAJ_Box164,LCAAJ_164_AnsSheet_55268_151.tif,restricted,redacted,dont publish
f76fc564e0c60da7baf3979f2e2bf399  ,/Columbia_LCAAJ_14-003_Shipment006_part2/LCAAJ_Box164/TIFFS/LCAAJ_164_AnsSheet_55268/LCAAJ_164_AnsSheet_55268_119.tif,LCAAJ_Box164,LCAAJ_164_AnsSheet_55268_119.tif,restricted,redacted,dont publish
3b7f1129a61c0890bedf8428f6f1b982  ,/Columbia_LCAAJ_14-003_Shipment006_part2/LCAAJ_Box164/TIFFS/LCAAJ_164_AnsSheet_55268/LCAAJ_164_AnsSheet_55268_150.tif,LCAAJ_Box164,LCAAJ_164_AnsSheet_55268_150.tif,restricted,redacted,dont publish
e39eba5e2f45cb0ab9a55aa10ed8ffa5  ,/Columbia_LCAAJ_14-003_Shipment006_part2/LCAAJ_Box164/TIFFS/LCAAJ_164_AnsSheet_55268/LCAAJ_164_AnsSheet_55268_070.tif,LCAAJ_Box164,LCAAJ_164_AnsSheet_55268_070.tif,restricted,redacted,dont publish
a733c261b1338194bb0469a8208dbe72  ,/Columbia_LCAAJ_14-003_Shipment006_part2/LCAAJ_Box164/TIFFS/LCAAJ_164_AnsSheet_55268/LCAAJ_164_AnsSheet_55268_191.tif,LCAAJ_Box164,LCAAJ_164_AnsSheet_55268_191.tif,restricted,redacted,dont publish
ca142b2941c62c6d06e414ed2354c549  ,/Columbia_LCAAJ_14-003_Shipment006_part2/LCAAJ_Box164/TIFFS/LCAAJ_164_AnsSheet_55277/LCAAJ_164_AnsSheet_55277_213.tif,LCAAJ_Box164,LCAAJ_164_AnsSheet_55277_213.tif,restricted,redacted,dont publish
febdb10247414b7d72bfdcb3c4c1c7b9  ,/Columbia_LCAAJ_14-003_Shipment006_part2/LCAAJ_Box164/TIFFS/LCAAJ_164_AnsSheet_55277/LCAAJ_164_AnsSheet_55277_018.tif,LCAAJ_Box164,LCAAJ_164_AnsSheet_55277_018.tif,restricted,redacted,dont publish
4fb5c96c5add0d0a1ac87afe5c12b0b6  ,/LCAAJ Redacted Images/LCAAJ_98_AnsSheet_49229_001.tif,LCAAJ Redacted Images,LCAAJ_98_AnsSheet_49229_001.tif,,,
770e5de0616aa9b010b5d75d628167ef  ,/LCAAJ Redacted Images/LCAAJ_95_AnsSheet_48297_058.tif,LCAAJ Redacted Images,LCAAJ_95_AnsSheet_48297_058.tif,,,
4d1954458fe5bb8fc184514a5016a0cf  ,/LCAAJ Redacted Images/LCAAJ_147_AnsSheet_52249_048.tif,LCAAJ Redacted Images,LCAAJ_147_AnsSheet_52249_048.tif,,,
b8405cf5f3bdb5544caf66b5b36c9058  ,/LCAAJ Redacted Images/LCAAJ_174_AnsSheet_50206A_203F.tif,LCAAJ Redacted Images,LCAAJ_174_AnsSheet_50206A_203F.tif,,,
55e72cab3d5981407c0f1126e80b225d  ,/LCAAJ Redacted Images/LCAAJ_94_AnsSheet_48292_00B.tif,LCAAJ Redacted Images,LCAAJ_94_AnsSheet_48292_00B.tif,restricted,,dont publish
7065c743cf4272536c9fc7fcfb3d8f82  ,/LCAAJ Redacted Images/LCAAJ_96_AnsSheet_49061_00D.tif,LCAAJ Redacted Images,LCAAJ_96_AnsSheet_49061_00D.tif,restricted,,dont publish
9a872120b04ebea65bee671fe62631df  ,/LCAAJ Redacted Images/LCAAJ_95_AnsSheet_48297_064.tif,LCAAJ Redacted Images,LCAAJ_95_AnsSheet_48297_064.tif,,,
ca539c75161530e061899fdf88fc166d  ,/LCAAJ Redacted Images/LCAAJ_95_AnsSheet_48297_035.tif,LCAAJ Redacted Images,LCAAJ_95_AnsSheet_48297_035.tif,,,
9a402ac3025e19ae6d48493efc21d6d5  ,/LCAAJ Redacted Images/LCAAJ_95_AnsSheet_48297_028.tif,LCAAJ Redacted Images,LCAAJ_95_AnsSheet_48297_028.tif,,,
e4a13f529e198818318eadf2d61bbefe  ,/LCAAJ Redacted Images/LCAAJ_95_AnsSheet_48297_059.tif,LCAAJ Redacted Images,LCAAJ_95_AnsSheet_48297_059.tif,,,
affe14f92b60eddacd70ffd4c1a67346  ,/LCAAJ Redacted Images/LCAAJ_95_AnsSheet_48297_033.tif,LCAAJ Redacted Images,LCAAJ_95_AnsSheet_48297_033.tif,,,
7ff9afd13b93bb51abc996ff15da2088  ,/LCAAJ Redacted Images/LCAAJ_95_AnsSheet_48297_023.tif,LCAAJ Redacted Images,LCAAJ_95_AnsSheet_48297_023.tif,,,
f144566fdbd2f4bbafa2d95a4d9083c0  ,/LCAAJ Redacted Images/LCAAJ_169_AnsSheet_56274A_018A.tif,LCAAJ Redacted Images,LCAAJ_169_AnsSheet_56274A_018A.tif,,,
281d8ab76d8ed1781aa0cbc7d4890481  ,/LCAAJ Redacted Images/LCAAJ_77_AnsSheet_47075_XXX_001.tif,LCAAJ Redacted Images,LCAAJ_77_AnsSheet_47075_XXX_001.tif,,,
214f6dd18ce64d5aa8c9140835dc2692  ,/LCAAJ Redacted Images/LCAAJ_95_AnsSheet_48297_063.tif,LCAAJ Redacted Images,LCAAJ_95_AnsSheet_48297_063.tif,,,
39934054d07b018317f7d7e45e35a307  ,/LCAAJ Redacted Images/LCAAJ_95_AnsSheet_48297_048.tif,LCAAJ Redacted Images,LCAAJ_95_AnsSheet_48297_048.tif,,,
8d9719b79134e674946bba0b9960c0a8  ,/LCAAJ Redacted Images/LCAAJ_95_AnsSheet_48297_067.tif,LCAAJ Redacted Images,LCAAJ_95_AnsSheet_48297_067.tif,,,
a598dd5599b2afa043a1f937c535d2aa  ,/LCAAJ Redacted Images/LCAAJ_125_AnsSheet_51222_00B.tif,LCAAJ Redacted Images,LCAAJ_125_AnsSheet_51222_00B.tif,restricted,,dont publish
d1a63481366851f2bd605330d316c6f7  ,/LCAAJ Redacted Images/LCAAJ_95_AnsSheet_48297_060.tif,LCAAJ Redacted Images,LCAAJ_95_AnsSheet_48297_060.tif,,,
a0ffa8c2529cdfc049b595c4fca78953  ,/LCAAJ Redacted Images/LCAAJ_95_AnsSheet_48297_044.tif,LCAAJ Redacted Images,LCAAJ_95_AnsSheet_48297_044.tif,,,
32573a2d0c0f24a290f67e9c451e6430  ,/LCAAJ Redacted Images/LCAAJ_95_AnsSheet_48297_027.tif,LCAAJ Redacted Images,LCAAJ_95_AnsSheet_48297_027.tif,,,
3130c89b46d67216d7cd50c2e679d46f  ,/LCAAJ Redacted Images/LCAAJ_95_AnsSheet_48297_051.tif,LCAAJ Redacted Images,LCAAJ_95_AnsSheet_48297_051.tif,,,
992b0ce29d46023576f2834c883f3d3d  ,/LCAAJ Redacted Images/LCAAJ_147_AnsSheet_52249_173.tif,LCAAJ Redacted Images,LCAAJ_147_AnsSheet_52249_173.tif,,,
06770bf2cd5df6a6734836452093539d  ,/LCAAJ Redacted Images/LCAAJ_95_AnsSheet_48297_042.tif,LCAAJ Redacted Images,LCAAJ_95_AnsSheet_48297_042.tif,,,
bd151cc0d4bad70b56f1b34004c52380  ,/LCAAJ Redacted Images/LCAAJ_95_AnsSheet_48297_049.tif,LCAAJ Redacted Images,LCAAJ_95_AnsSheet_48297_049.tif,,,
8a9fc6ce32233eaf7b618336e17df30f  ,/LCAAJ Redacted Images/LCAAJ_178_AnsSheet_50069_237B.tif,LCAAJ Redacted Images,LCAAJ_178_AnsSheet_50069_237B.tif,,,
facf462362715f061d7bada2e81570f6  ,/LCAAJ Redacted Images/LCAAJ_147_AnsSheet_52258_001A.tif,LCAAJ Redacted Images,LCAAJ_147_AnsSheet_52258_001A.tif,,,
7a5240846730c99bf62dfb2c15e3c72f  ,/LCAAJ Redacted Images/LCAAJ_95_AnsSheet_48297_043.tif,LCAAJ Redacted Images,LCAAJ_95_AnsSheet_48297_043.tif,,,
73bce72e4c7ffbeccea495c04dc9316b  ,/LCAAJ Redacted Images/LCAAJ_123_AnsSheet_51202_221.tif,LCAAJ Redacted Images,LCAAJ_123_AnsSheet_51202_221.tif,,,
bbb7f7d3ed8f9b4970a6163ec68f4688  ,/LCAAJ Redacted Images/LCAAJ_164_AnsSheet_55268_167.tif,LCAAJ Redacted Images,LCAAJ_164_AnsSheet_55268_167.tif,,,
479acfb4379af9be0aa9969b55ba4a35  ,/LCAAJ Redacted Images/LCAAJ_95_AnsSheet_48309_00B.tif,LCAAJ Redacted Images,LCAAJ_95_AnsSheet_48309_00B.tif,restricted,,dont publish
32c9611419bb270f89023f6c7b65164c  ,/LCAAJ Redacted Images/LCAAJ_95_AnsSheet_48297_040.tif,LCAAJ Redacted Images,LCAAJ_95_AnsSheet_48297_040.tif,,,
64f0e230c7a9c9a3447f8dea3bb1d1cf  ,/LCAAJ Redacted Images/LCAAJ_95_AnsSheet_48297_062.tif,LCAAJ Redacted Images,LCAAJ_95_AnsSheet_48297_062.tif,,,
a741c6be886beedf84bc60157df687c6  ,/LCAAJ Redacted Images/LCAAJ_150_AnsSheet_52307A_006A.tif,LCAAJ Redacted Images,LCAAJ_150_AnsSheet_52307A_006A.tif,,,
60cf048919a0bb1c93daaaf03e83b5f9  ,/LCAAJ Redacted Images/LCAAJ_180_AnsSheet_51168_237B.tif,LCAAJ Redacted Images,LCAAJ_180_AnsSheet_51168_237B.tif,,,
db164cfd63b393252209e7feebc03a3d  ,/LCAAJ Redacted Images/LCAAJ_164_AnsSheet_55268_151.tif,LCAAJ Redacted Images,LCAAJ_164_AnsSheet_55268_151.tif,,,
84bbc89db4f533d6d9a04098c7cfe125  ,/LCAAJ Redacted Images/LCAAJ_95_AnsSheet_48297_065.tif,LCAAJ Redacted Images,LCAAJ_95_AnsSheet_48297_065.tif,,,
146e9a77621dcd275dbffcef2bd54705  ,/LCAAJ Redacted Images/LCAAJ_147_AnsSheet_52249_109.tif,LCAAJ Redacted Images,LCAAJ_147_AnsSheet_52249_109.tif,,,
c97d7247ae499bd16530ba697c853a47  ,/LCAAJ Redacted Images/LCAAJ_95_AnsSheet_48297_057.tif,LCAAJ Redacted Images,LCAAJ_95_AnsSheet_48297_057.tif,,,
9676e47b2b6403b5454c3e2983c2a3ec  ,/LCAAJ Redacted Images/LCAAJ_95_AnsSheet_48297_061.tif,LCAAJ Redacted Images,LCAAJ_95_AnsSheet_48297_061.tif,,,
a648a7be11a1598e02a931ddde9669de  ,/LCAAJ Redacted Images/LCAAJ_95_AnsSheet_48297_041.tif,LCAAJ Redacted Images,LCAAJ_95_AnsSheet_48297_041.tif,,,
1c8ca7c9eda52470d7b07822b5e45b7b  ,/LCAAJ Redacted Images/LCAAJ_95_AnsSheet_48297_055.tif,LCAAJ Redacted Images,LCAAJ_95_AnsSheet_48297_055.tif,,,
86a252e548fd2eb476d7c52ea5aaa0ee  ,/LCAAJ Redacted Images/LCAAJ_158_AnsSheet_54284_139.tif,LCAAJ Redacted Images,LCAAJ_158_AnsSheet_54284_139.tif,,,
13b307cdd7801068dc4f477ce240b10f  ,/LCAAJ Redacted Images/LCAAJ_147_AnsSheet_52249_124.tif,LCAAJ Redacted Images,LCAAJ_147_AnsSheet_52249_124.tif,,,
3541f0b90009a245002edc92efef11b9  ,/LCAAJ Redacted Images/LCAAJ_95_AnsSheet_48297_053.tif,LCAAJ Redacted Images,LCAAJ_95_AnsSheet_48297_053.tif,,,
315b27330bd41d268410f987d1728422  ,/LCAAJ Redacted Images/LCAAJ_106_AnsSheet_49288_221.tif,LCAAJ Redacted Images,LCAAJ_106_AnsSheet_49288_221.tif,,,
2baddace8dd96d7d620f1b3f89c852f5  ,/LCAAJ Redacted Images/LCAAJ_162_AnsSheet_55249_132.tif,LCAAJ Redacted Images,LCAAJ_162_AnsSheet_55249_132.tif,,,
6e4caffa618927e1dd7334e4b674265c  ,/LCAAJ Redacted Images/LCAAJ_84_AnsSheet_47302_00B.tif,LCAAJ Redacted Images,LCAAJ_84_AnsSheet_47302_00B.tif,restricted,,dont publish
5f618995b1df73b570d6c38b061b5624  ,/LCAAJ Redacted Images/LCAAJ_87_AnsSheet_48223_001A.tif,LCAAJ Redacted Images,LCAAJ_87_AnsSheet_48223_001A.tif,,,
2ba7e0a4fa7e9ca7d02d1981b3af44da  ,/LCAAJ Redacted Images/LCAAJ_176_AnsSheet_49079_237B.tif,LCAAJ Redacted Images,LCAAJ_176_AnsSheet_49079_237B.tif,,,
9367133c5507046b29f2ef188a049578  ,/LCAAJ Redacted Images/LCAAJ_164_AnsSheet_55268_119.tif,LCAAJ Redacted Images,LCAAJ_164_AnsSheet_55268_119.tif,,,
569d0b13e2c518509208684786eb5f82  ,/LCAAJ Redacted Images/LCAAJ_95_AnsSheet_48297_038.tif,LCAAJ Redacted Images,LCAAJ_95_AnsSheet_48297_038.tif,,,
64666ae2c99d8dc21af4ceb1e8b7713a  ,/LCAAJ Redacted Images/LCAAJ_95_AnsSheet_48297_030.tif,LCAAJ Redacted Images,LCAAJ_95_AnsSheet_48297_030.tif,,,
d8a2a966c3a0033af7897a4a0a3d08c7  ,/LCAAJ Redacted Images/LCAAJ_164_AnsSheet_55268_150.tif,LCAAJ Redacted Images,LCAAJ_164_AnsSheet_55268_150.tif,,,
e26715d9f40c945f9dacc7d46fc8698c  ,/LCAAJ Redacted Images/LCAAJ_164_AnsSheet_55268_070.tif,LCAAJ Redacted Images,LCAAJ_164_AnsSheet_55268_070.tif,,,
c0da13a005938c769c600aa16ccc0a2e  ,/LCAAJ Redacted Images/LCAAJ_107_AnsSheet_49296_002A.tif,LCAAJ Redacted Images,LCAAJ_107_AnsSheet_49296_002A.tif,,,
75b40413f48dbf4d1cff95d294584775  ,/LCAAJ Redacted Images/LCAAJ_95_AnsSheet_48297_054.tif,LCAAJ Redacted Images,LCAAJ_95_AnsSheet_48297_054.tif,,,
4fd87d0f8f4ddcefc1411958f8e7772b  ,/LCAAJ Redacted Images/LCAAJ_95_AnsSheet_48297_045.tif,LCAAJ Redacted Images,LCAAJ_95_AnsSheet_48297_045.tif,,,
32a749cda2608556ab24c3e0e55b2e00  ,/LCAAJ Redacted Images/LCAAJ_164_AnsSheet_55277_213.tif,LCAAJ Redacted Images,LCAAJ_164_AnsSheet_55277_213.tif,,,
b6d1278bbde69e96f3542b06cc2e80dc  ,/LCAAJ Redacted Images/LCAAJ_164_AnsSheet_55277_018.tif,LCAAJ Redacted Images,LCAAJ_164_AnsSheet_55277_018.tif,,,
b2e63209525b7710fd756e1eaaf50e0b  ,/LCAAJ Redacted Images/LCAAJ_164_AnsSheet_55268_191.tif,LCAAJ Redacted Images,LCAAJ_164_AnsSheet_55268_191.tif,,,
aa94db98a0be4349bc0cdc4620735ad7  ,/LCAAJ Redacted Images/LCAAJ_90_AnsSheet_48261_169A.tif,LCAAJ Redacted Images,LCAAJ_90_AnsSheet_48261_169A.tif,,,
0cbd378af3cd7ec218116e611d978544  ,/LCAAJ Redacted Images/LCAAJ_133_AnsSheet_52196A_062A.tif,LCAAJ Redacted Images,LCAAJ_133_AnsSheet_52196A_062A.tif,,,
d17bc6b31c4fc7f5773caae8be777510  ,/LCAAJ Redacted Images/LCAAJ_95_AnsSheet_48297_047.tif,LCAAJ Redacted Images,LCAAJ_95_AnsSheet_48297_047.tif,,,
409e457eed0fbef3c533d21e2070c958  ,/LCAAJ Redacted Images/LCAAJ_95_AnsSheet_48297_032.tif,LCAAJ Redacted Images,LCAAJ_95_AnsSheet_48297_032.tif,,,
1b4b90f1b47b5a7a8effe390efdd17da  ,/LCAAJ Redacted Images/LCAAJ_77_AnsSheet_46338_064A.tif,LCAAJ Redacted Images,LCAAJ_77_AnsSheet_46338_064A.tif,,,
9e03dc0d98961d2a4ea259eb3ff49a77  ,/LCAAJ Redacted Images/LCAAJ_95_AnsSheet_48297_068.tif,LCAAJ Redacted Images,LCAAJ_95_AnsSheet_48297_068.tif,,,
1a89b9752b94b4db4f6ec223c411dad4  ,/LCAAJ Redacted Images/LCAAJ_180_AnsSheet_52046_237A.tif,LCAAJ Redacted Images,LCAAJ_180_AnsSheet_52046_237A.tif,,,
9b6a8e9b698c20a66c28fc58c3862e0a  ,/LCAAJ Redacted Images/LCAAJ_84_AnsSheet_47302_00C.tif,LCAAJ Redacted Images,LCAAJ_84_AnsSheet_47302_00C.tif,restricted,,dont publish
9de2f4010d83da89e792133719d4ff82  ,/LCAAJ Redacted Images/LCAAJ_95_AnsSheet_48297_050.tif,LCAAJ Redacted Images,LCAAJ_95_AnsSheet_48297_050.tif,,,
52a7858a0ef9e195032641373ed245a1  ,/LCAAJ Redacted Images/LCAAJ_95_AnsSheet_48297_034.tif,LCAAJ Redacted Images,LCAAJ_95_AnsSheet_48297_034.tif,,,
8b7e2df30f241e6e26d1af2c03407812  ,/LCAAJ Redacted Images/LCAAJ_95_AnsSheet_48297_026.tif,LCAAJ Redacted Images,LCAAJ_95_AnsSheet_48297_026.tif,,,
bece8c66494c8c03ac39946a3495a4b5  ,/LCAAJ Redacted Images/LCAAJ_176_AnsSheet_48177_237B.tif,LCAAJ Redacted Images,LCAAJ_176_AnsSheet_48177_237B.tif,,,
b154f17b9ae5d5d6f56f3a174aaa09e5  ,/LCAAJ Redacted Images/LCAAJ_95_AnsSheet_48297_069.tif,LCAAJ Redacted Images,LCAAJ_95_AnsSheet_48297_069.tif,,,
8125bcbd728e83cda692c2d02dad6025  ,/LCAAJ Redacted Images/LCAAJ_179_AnsSheet_51099_002.tif,LCAAJ Redacted Images,LCAAJ_179_AnsSheet_51099_002.tif,,,
b8e6bc07d10fc034bf62f4553575095d  ,/LCAAJ Redacted Images/LCAAJ_150_AnsSheet_52307A_220B.tif,LCAAJ Redacted Images,LCAAJ_150_AnsSheet_52307A_220B.tif,,,
9b143a5ee5d64a71e70e7b01b45865b1  ,/LCAAJ Redacted Images/LCAAJ_95_AnsSheet_48297_037.tif,LCAAJ Redacted Images,LCAAJ_95_AnsSheet_48297_037.tif,,,
633f0a5959b7343773fda06d0c091155  ,/LCAAJ Redacted Images/LCAAJ_111_AnsSheet_50206_002A.tif,LCAAJ Redacted Images,LCAAJ_111_AnsSheet_50206_002A.tif,,,
47311c067f6d9d2bbe81f2dd43c358de  ,/LCAAJ Redacted Images/LCAAJ_177_AnsSheet_49103_009.tif,LCAAJ Redacted Images,LCAAJ_177_AnsSheet_49103_009.tif,,,
6c040d59221870c7cc527330ee0e78e8  ,/LCAAJ Redacted Images/LCAAJ_98_AnsSheet_49224_163A.tif,LCAAJ Redacted Images,LCAAJ_98_AnsSheet_49224_163A.tif,,,
6abcf9eaca4129ac08b508d0316b61c7  ,/LCAAJ Redacted Images/LCAAJ_176_AnsSheet_47084_00A.tif,LCAAJ Redacted Images,LCAAJ_176_AnsSheet_47084_00A.tif,restricted,,dont publish
f1c24a34977b2634f42857bf313266df  ,/LCAAJ Redacted Images/LCAAJ_95_AnsSheet_48297_036.tif,LCAAJ Redacted Images,LCAAJ_95_AnsSheet_48297_036.tif,,,
f19322ba676a21f41ebb976bef8fe193  ,/LCAAJ Redacted Images/LCAAJ_95_AnsSheet_48302_00B.tif,LCAAJ Redacted Images,LCAAJ_95_AnsSheet_48302_00B.tif,restricted,,dont publish
854c71de4c9b47e05f4ebe809ad1c968  ,/LCAAJ Redacted Images/LCAAJ_173_AnsSheet_43259_00B.tif,LCAAJ Redacted Images,LCAAJ_173_AnsSheet_43259_00B.tif,restricted,,dont publish
2ab103fe54ce27c88499d0ff50834ace  ,/LCAAJ Redacted Images/LCAAJ_155_AnsSheet_54239_00B.tif,LCAAJ Redacted Images,LCAAJ_155_AnsSheet_54239_00B.tif,restricted,,dont publish
795b63afc696d52025fbad00d84df84f  ,/LCAAJ Redacted Images/LCAAJ_82_AnsSheet_47283_221.tif,LCAAJ Redacted Images,LCAAJ_82_AnsSheet_47283_221.tif,,,
2f97dcb34c113daa57415bbf4bb9d83e  ,/LCAAJ Redacted Images/LCAAJ_177_AnsSheet_49175_237B.tif,LCAAJ Redacted Images,LCAAJ_177_AnsSheet_49175_237B.tif,,,
e6274a1790cdf92580fb37cd130ddc53  ,/LCAAJ Redacted Images/LCAAJ_81_AnsSheet_47267_001.tif,LCAAJ Redacted Images,LCAAJ_81_AnsSheet_47267_001.tif,,,
0f25d53509cf65d015233d4077df0890  ,/LCAAJ Redacted Images/LCAAJ_95_AnsSheet_48297_029.tif,LCAAJ Redacted Images,LCAAJ_95_AnsSheet_48297_029.tif,,,
c93fc332b018b41a26fcc9742fe19246  ,/LCAAJ Redacted Images/LCAAJ_95_AnsSheet_48297_025.tif,LCAAJ Redacted Images,LCAAJ_95_AnsSheet_48297_025.tif,,,
04487c31bac4610ed3f35ce5ebe82a7d  ,/LCAAJ Redacted Images/LCAAJ_95_AnsSheet_48297_024.tif,LCAAJ Redacted Images,LCAAJ_95_AnsSheet_48297_024.tif,,,
045b4d63493f9c311dafa5e433565e3b  ,/LCAAJ Redacted Images/LCAAJ_90_AnsSheet_48261_175.tif,LCAAJ Redacted Images,LCAAJ_90_AnsSheet_48261_175.tif,,,
15f0cb463f014d4a9898f4b3ae564060  ,/LCAAJ Redacted Images/LCAAJ_150_AnsSheet_52307_091.tif,LCAAJ Redacted Images,LCAAJ_150_AnsSheet_52307_091.tif,,,
b4ab56cbf04d9ff860d2515f73c8441f  ,/LCAAJ Redacted Images/LCAAJ_95_AnsSheet_48297_070.tif,LCAAJ Redacted Images,LCAAJ_95_AnsSheet_48297_070.tif,,,
e3e4ab3635d1fdd257549f82c304ddb8  ,/LCAAJ Redacted Images/LCAAJ_95_AnsSheet_48297_066.tif,LCAAJ Redacted Images,LCAAJ_95_AnsSheet_48297_066.tif,,,
5a777b036d22d89d188fe7f753c04e66  ,/LCAAJ Redacted Images/LCAAJ_95_AnsSheet_48297_046.tif,LCAAJ Redacted Images,LCAAJ_95_AnsSheet_48297_046.tif,,,
a20ceb11350b2787d8df8604e2c665b5  ,/LCAAJ Redacted Images/LCAAJ_95_AnsSheet_48297_052.tif,LCAAJ Redacted Images,LCAAJ_95_AnsSheet_48297_052.tif,,,
2d95e7a82162b639c661a1aae9fcd818  ,/LCAAJ Redacted Images/LCAAJ_95_AnsSheet_48297_031.tif,LCAAJ Redacted Images,LCAAJ_95_AnsSheet_48297_031.tif,,,
f05836b0caf35bfa533789c9563b8209  ,/LCAAJ Redacted Images/LCAAJ_181_AnsSheet_53075A_237A.tif,LCAAJ Redacted Images,LCAAJ_181_AnsSheet_53075A_237A.tif,,,
da65356e04400802d83139d3807849ad  ,/LCAAJ Redacted Images/LCAAJ_95_AnsSheet_48297_056.tif,LCAAJ Redacted Images,LCAAJ_95_AnsSheet_48297_056.tif,,,
ae6fd3b93904a1b7a33d0ad6330a55de  ,/LCAAJ Redacted Images/LCAAJ_95_AnsSheet_48297_039.tif,LCAAJ Redacted Images,LCAAJ_95_AnsSheet_48297_039.tif,,,
f97c106014b13b05be68d016a43c0aeb  ,/LCAAJ Redacted Images/LCAAJ_147_AnsSheet_52249_106.tif,LCAAJ Redacted Images,LCAAJ_147_AnsSheet_52249_106.tif,,,
f2a84f886b481650d536365a09e6e263  ,/LCAAJ Redacted Images/LCAAJ_95_AnsSheet_48296_001B.tif,LCAAJ Redacted Images,LCAAJ_95_AnsSheet_48296_001B.tif,,,
707ff845b484df21a6aefd60de8d4794  ,/LCAAJ Redacted Images/LCAAJ_147_AnsSheet_52249_143.tif,LCAAJ Redacted Images,LCAAJ_147_AnsSheet_52249_143.tif,,,
058fb4c0308136226df03918a2ffe192  ,/LCAAJ Redacted Images/LCAAJ_159_AnsSheet_54372_00B.tif,LCAAJ Redacted Images,LCAAJ_159_AnsSheet_54372_00B.tif,restricted,,dont publish
47f7cc01f0725e776220d497d421e46b  ,/LCAAJ Redacted Images/LCAAJ_150_AnsSheet_52307A_001.tif,LCAAJ Redacted Images,LCAAJ_150_AnsSheet_52307A_001.tif,,,
426f1f3bb9d9bbe6f9b35cee9d0da899  ,/Columbia_LCAAJ_14-003_Shipment005/LCAAJ_Box133/TIFFS/LCAAJ_133_AnsSheet_52196A/LCAAJ_133_AnsSheet_52196A_062A.tif,LCAAJ_Box133,LCAAJ_133_AnsSheet_52196A_062A.tif,restricted,redacted,dont publish
0f8977069207ab79e7c76624f1d54888  ,/Columbia_LCAAJ_14-003_Shipment005/LCAAJ_Box125/TIFFS/LCAAJ_125_AnsSheet_51222/LCAAJ_125_AnsSheet_51222_00B.tif,LCAAJ_Box125,LCAAJ_125_AnsSheet_51222_00B.tif,restricted,redacted,dont publish
ee078006f4b6c646694c63acdbb40595  ,/Columbia_LCAAJ_14-003_Shipment005/LCAAJ_Box123/TIFFS/LCAAJ_123_AnsSheet_51202/LCAAJ_123_AnsSheet_51202_221.tif,LCAAJ_Box123,LCAAJ_123_AnsSheet_51202_221.tif,restricted,redacted,dont publish
058fb4c0308136226df03918a2ffe192  ,/Columbia_LCAAJ_14-003_Shipment006/LCAAJ_Box159/TIFFS/LCAAJ_159_AnsSheet_54372/LCAAJ_159_AnsSheet_54372_00B.tif,LCAAJ_Box159,LCAAJ_159_AnsSheet_54372_00B.tif,restricted,redacted,dont publish
b3cb8c932d1b19384ae93385a0a31b4c  ,/Columbia_LCAAJ_14-003_Shipment006/LCAAJ_Box150/TIFFS/LCAAJ_150_AnsSheet_52307/LCAAJ_150_AnsSheet_52307_091.tif,LCAAJ_Box150,LCAAJ_150_AnsSheet_52307_091.tif,restricted,redacted,dont publish
01ba15e51ed89d4d1da4c9f9cab6ebd4  ,/Columbia_LCAAJ_14-003_Shipment006/LCAAJ_Box150/TIFFS/LCAAJ_150_AnsSheet_52307A/LCAAJ_150_AnsSheet_52307A_006A.tif,LCAAJ_Box150,LCAAJ_150_AnsSheet_52307A_006A.tif,restricted,redacted,dont publish
977158ec720bc2178c413a3142de12a0  ,/Columbia_LCAAJ_14-003_Shipment006/LCAAJ_Box150/TIFFS/LCAAJ_150_AnsSheet_52307A/LCAAJ_150_AnsSheet_52307A_220B.tif,LCAAJ_Box150,LCAAJ_150_AnsSheet_52307A_220B.tif,restricted,redacted,dont publish
17b4a31b7ce6e449d044c4a1d4b17c06  ,/Columbia_LCAAJ_14-003_Shipment006/LCAAJ_Box150/TIFFS/LCAAJ_150_AnsSheet_52307A/LCAAJ_150_AnsSheet_52307A_001.tif,LCAAJ_Box150,LCAAJ_150_AnsSheet_52307A_001.tif,restricted,redacted,dont publish
e5f250a7fa96e1a09b755fb22eb88518  ,/Columbia_LCAAJ_14-003_Shipment006/LCAAJ_Box158/TIFFS/LCAAJ_158_AnsSheet_54284/LCAAJ_158_AnsSheet_54284_139.tif,LCAAJ_Box158,LCAAJ_158_AnsSheet_54284_139.tif,restricted,redacted,dont publish
4b91e7c9baeb536ff9017aa2d3f3a490  ,/Columbia_LCAAJ_14-003_Shipment006/LCAAJ_Box147/TIFFS/LCAAJ_147_AnsSheet_52258/LCAAJ_147_AnsSheet_52258_001A.tif,LCAAJ_Box147,LCAAJ_147_AnsSheet_52258_001A.tif,restricted,redacted,dont publish
b970d89528cf02540cd5626fe4de407d  ,/Columbia_LCAAJ_14-003_Shipment006/LCAAJ_Box147/TIFFS/LCAAJ_147_AnsSheet_52249/LCAAJ_147_AnsSheet_52249_048.tif,LCAAJ_Box147,LCAAJ_147_AnsSheet_52249_048.tif,restricted,redacted,dont publish
79d4b10101c26aa4be4e712026940eb8  ,/Columbia_LCAAJ_14-003_Shipment006/LCAAJ_Box147/TIFFS/LCAAJ_147_AnsSheet_52249/LCAAJ_147_AnsSheet_52249_173.tif,LCAAJ_Box147,LCAAJ_147_AnsSheet_52249_173.tif,restricted,redacted,dont publish
54c53d3b669b2c6d3fd7c402702778c7  ,/Columbia_LCAAJ_14-003_Shipment006/LCAAJ_Box147/TIFFS/LCAAJ_147_AnsSheet_52249/LCAAJ_147_AnsSheet_52249_109.tif,LCAAJ_Box147,LCAAJ_147_AnsSheet_52249_109.tif,restricted,redacted,dont publish
9af0fe0378e8770d14a46b9144c57aa2  ,/Columbia_LCAAJ_14-003_Shipment006/LCAAJ_Box147/TIFFS/LCAAJ_147_AnsSheet_52249/LCAAJ_147_AnsSheet_52249_124.tif,LCAAJ_Box147,LCAAJ_147_AnsSheet_52249_124.tif,restricted,redacted,dont publish
39f7f2c4f2fd810f9f77157812fe2d8f  ,/Columbia_LCAAJ_14-003_Shipment006/LCAAJ_Box147/TIFFS/LCAAJ_147_AnsSheet_52249/LCAAJ_147_AnsSheet_52249_106.tif,LCAAJ_Box147,LCAAJ_147_AnsSheet_52249_106.tif,restricted,redacted,dont publish
3c8dff9c4bae6a333ef0f9a59c2e7cc1  ,/Columbia_LCAAJ_14-003_Shipment006/LCAAJ_Box147/TIFFS/LCAAJ_147_AnsSheet_52249/LCAAJ_147_AnsSheet_52249_143.tif,LCAAJ_Box147,LCAAJ_147_AnsSheet_52249_143.tif,restricted,redacted,dont publish
0c8c81ad9a8a7af82d8c70f29a8d9b7f  ,/Columbia_LCAAJ_14-003_Shipment006/LCAAJ_Box155/TIFFS/LCAAJ_155_AnsSheet_54239/LCAAJ_155_AnsSheet_54239_00B.tif,LCAAJ_Box155,LCAAJ_155_AnsSheet_54239_00B.tif,restricted,redacted,dont publish
55e72cab3d5981407c0f1126e80b225d  ,/Columbia_LCAAJ_14-003_Shipment002/LCAAJ_Box094/TIFFS/LCAAJ_94_AnsSheet_48292/LCAAJ_94_AnsSheet_48292_00B.tif,LCAAJ_Box094,LCAAJ_94_AnsSheet_48292_00B.tif,restricted,redacted,dont publish
04bdc8a5063528fdb1124490d1e1704a  ,/Columbia_LCAAJ_14-003_Shipment002/LCAAJ_Box106/TIFFS/LCAAJ_106_AnsSheet_49288/LCAAJ_106_AnsSheet_49288_221.tif,LCAAJ_Box106,LCAAJ_106_AnsSheet_49288_221.tif,restricted,redacted,dont publish
4fb5c96c5add0d0a1ac87afe5c12b0b6  ,/Columbia_LCAAJ_14-003_Shipment002/LCAAJ_Box098/TIFFS/LCAAJ_98_AnsSheet_49229/LCAAJ_98_AnsSheet_49229_001.tif,LCAAJ_Box098,LCAAJ_98_AnsSheet_49229_001.tif,restricted,redacted,dont publish
fbec644c709c9c71b9e4432c4ec42392  ,/Columbia_LCAAJ_14-003_Shipment002/LCAAJ_Box098/TIFFS/LCAAJ_98_AnsSheet_49224/LCAAJ_98_AnsSheet_49224_163A.tif,LCAAJ_Box098,LCAAJ_98_AnsSheet_49224_163A.tif,restricted,redacted,dont publish
7065c743cf4272536c9fc7fcfb3d8f82  ,/Columbia_LCAAJ_14-003_Shipment002/LCAAJ_Box096/TIFFS/LCAAJ_96_AnsSheet_49061/LCAAJ_96_AnsSheet_49061_00D.tif,LCAAJ_Box096,LCAAJ_96_AnsSheet_49061_00D.tif,restricted,redacted,dont publish
c85e15bec3cee622404121d70a005370  ,/Columbia_LCAAJ_14-003_Shipment002/LCAAJ_Box095/TIFFS/LCAAJ_95_AnsSheet_48297/LCAAJ_95_AnsSheet_48297_058.tif,LCAAJ_Box095,LCAAJ_95_AnsSheet_48297_058.tif,restricted,redacted,dont publish
b07d78a39c55712ead71dd4599fd61e4  ,/Columbia_LCAAJ_14-003_Shipment002/LCAAJ_Box095/TIFFS/LCAAJ_95_AnsSheet_48297/LCAAJ_95_AnsSheet_48297_064.tif,LCAAJ_Box095,LCAAJ_95_AnsSheet_48297_064.tif,restricted,redacted,dont publish
e63867c17b73ae4557f48b240379df4b  ,/Columbia_LCAAJ_14-003_Shipment002/LCAAJ_Box095/TIFFS/LCAAJ_95_AnsSheet_48297/LCAAJ_95_AnsSheet_48297_035.tif,LCAAJ_Box095,LCAAJ_95_AnsSheet_48297_035.tif,restricted,redacted,dont publish
bc38861440e2305d194e0f7ad1a740da  ,/Columbia_LCAAJ_14-003_Shipment002/LCAAJ_Box095/TIFFS/LCAAJ_95_AnsSheet_48297/LCAAJ_95_AnsSheet_48297_028.tif,LCAAJ_Box095,LCAAJ_95_AnsSheet_48297_028.tif,restricted,redacted,dont publish
812ed1401f9676f2cdf93036b2debc27  ,/Columbia_LCAAJ_14-003_Shipment002/LCAAJ_Box095/TIFFS/LCAAJ_95_AnsSheet_48297/LCAAJ_95_AnsSheet_48297_059.tif,LCAAJ_Box095,LCAAJ_95_AnsSheet_48297_059.tif,restricted,redacted,dont publish
bedb6da4609caeb138a181af67a52e10  ,/Columbia_LCAAJ_14-003_Shipment002/LCAAJ_Box095/TIFFS/LCAAJ_95_AnsSheet_48297/LCAAJ_95_AnsSheet_48297_033.tif,LCAAJ_Box095,LCAAJ_95_AnsSheet_48297_033.tif,restricted,redacted,dont publish
9812c63440d9a9b3464e4fe7269fcc97  ,/Columbia_LCAAJ_14-003_Shipment002/LCAAJ_Box095/TIFFS/LCAAJ_95_AnsSheet_48297/LCAAJ_95_AnsSheet_48297_023.tif,LCAAJ_Box095,LCAAJ_95_AnsSheet_48297_023.tif,restricted,redacted,dont publish
ce28c24cc00414e6e0c472adedef5e93  ,/Columbia_LCAAJ_14-003_Shipment002/LCAAJ_Box095/TIFFS/LCAAJ_95_AnsSheet_48297/LCAAJ_95_AnsSheet_48297_063.tif,LCAAJ_Box095,LCAAJ_95_AnsSheet_48297_063.tif,restricted,redacted,dont publish
b6e550af5d677eb42b60eb78574bca0e  ,/Columbia_LCAAJ_14-003_Shipment002/LCAAJ_Box095/TIFFS/LCAAJ_95_AnsSheet_48297/LCAAJ_95_AnsSheet_48297_048.tif,LCAAJ_Box095,LCAAJ_95_AnsSheet_48297_048.tif,restricted,redacted,dont publish
f5b4b933ae97a7d6ab5333ca1bcfa3dc  ,/Columbia_LCAAJ_14-003_Shipment002/LCAAJ_Box095/TIFFS/LCAAJ_95_AnsSheet_48297/LCAAJ_95_AnsSheet_48297_067.tif,LCAAJ_Box095,LCAAJ_95_AnsSheet_48297_067.tif,restricted,redacted,dont publish
64340f9e99af4c14f8f2bb2ad265bdb5  ,/Columbia_LCAAJ_14-003_Shipment002/LCAAJ_Box095/TIFFS/LCAAJ_95_AnsSheet_48297/LCAAJ_95_AnsSheet_48297_060.tif,LCAAJ_Box095,LCAAJ_95_AnsSheet_48297_060.tif,restricted,redacted,dont publish
621bf9a4de8fdf4969cf94413782812a  ,/Columbia_LCAAJ_14-003_Shipment002/LCAAJ_Box095/TIFFS/LCAAJ_95_AnsSheet_48297/LCAAJ_95_AnsSheet_48297_044.tif,LCAAJ_Box095,LCAAJ_95_AnsSheet_48297_044.tif,restricted,redacted,dont publish
477ba39b9742a44ea3946fd8b91ed699  ,/Columbia_LCAAJ_14-003_Shipment002/LCAAJ_Box095/TIFFS/LCAAJ_95_AnsSheet_48297/LCAAJ_95_AnsSheet_48297_027.tif,LCAAJ_Box095,LCAAJ_95_AnsSheet_48297_027.tif,restricted,redacted,dont publish
2ade644b12cc77bbf09dc77e5109e976  ,/Columbia_LCAAJ_14-003_Shipment002/LCAAJ_Box095/TIFFS/LCAAJ_95_AnsSheet_48297/LCAAJ_95_AnsSheet_48297_051.tif,LCAAJ_Box095,LCAAJ_95_AnsSheet_48297_051.tif,restricted,redacted,dont publish
a3ef633d5050b6156b0acb67084a6a81  ,/Columbia_LCAAJ_14-003_Shipment002/LCAAJ_Box095/TIFFS/LCAAJ_95_AnsSheet_48297/LCAAJ_95_AnsSheet_48297_042.tif,LCAAJ_Box095,LCAAJ_95_AnsSheet_48297_042.tif,restricted,redacted,dont publish
787a9f77e4ec1359ab4d9e13ca4977b6  ,/Columbia_LCAAJ_14-003_Shipment002/LCAAJ_Box095/TIFFS/LCAAJ_95_AnsSheet_48297/LCAAJ_95_AnsSheet_48297_049.tif,LCAAJ_Box095,LCAAJ_95_AnsSheet_48297_049.tif,restricted,redacted,dont publish
4e4f76031fe0cfbb8bff13d804aace09  ,/Columbia_LCAAJ_14-003_Shipment002/LCAAJ_Box095/TIFFS/LCAAJ_95_AnsSheet_48297/LCAAJ_95_AnsSheet_48297_043.tif,LCAAJ_Box095,LCAAJ_95_AnsSheet_48297_043.tif,restricted,redacted,dont publish
65403a11f885ee04acfee27e04f7cd6e  ,/Columbia_LCAAJ_14-003_Shipment002/LCAAJ_Box095/TIFFS/LCAAJ_95_AnsSheet_48297/LCAAJ_95_AnsSheet_48297_040.tif,LCAAJ_Box095,LCAAJ_95_AnsSheet_48297_040.tif,restricted,redacted,dont publish
67f269147b2d01d26cbb683d5744b3f8  ,/Columbia_LCAAJ_14-003_Shipment002/LCAAJ_Box095/TIFFS/LCAAJ_95_AnsSheet_48297/LCAAJ_95_AnsSheet_48297_062.tif,LCAAJ_Box095,LCAAJ_95_AnsSheet_48297_062.tif,restricted,redacted,dont publish
bb89294fb1f7c97251f7a25fbcdf55f9  ,/Columbia_LCAAJ_14-003_Shipment002/LCAAJ_Box095/TIFFS/LCAAJ_95_AnsSheet_48297/LCAAJ_95_AnsSheet_48297_065.tif,LCAAJ_Box095,LCAAJ_95_AnsSheet_48297_065.tif,restricted,redacted,dont publish
b5add0bbf3db6e28bffe3a4b4010a434  ,/Columbia_LCAAJ_14-003_Shipment002/LCAAJ_Box095/TIFFS/LCAAJ_95_AnsSheet_48297/LCAAJ_95_AnsSheet_48297_057.tif,LCAAJ_Box095,LCAAJ_95_AnsSheet_48297_057.tif,restricted,redacted,dont publish
5a92ea57f5a5acc1cdd619b1efb45636  ,/Columbia_LCAAJ_14-003_Shipment002/LCAAJ_Box095/TIFFS/LCAAJ_95_AnsSheet_48297/LCAAJ_95_AnsSheet_48297_061.tif,LCAAJ_Box095,LCAAJ_95_AnsSheet_48297_061.tif,restricted,redacted,dont publish
d907003531446ac21894137e51eb06f4  ,/Columbia_LCAAJ_14-003_Shipment002/LCAAJ_Box095/TIFFS/LCAAJ_95_AnsSheet_48297/LCAAJ_95_AnsSheet_48297_041.tif,LCAAJ_Box095,LCAAJ_95_AnsSheet_48297_041.tif,restricted,redacted,dont publish
0b49a489293e5b2f47171cca342cee74  ,/Columbia_LCAAJ_14-003_Shipment002/LCAAJ_Box095/TIFFS/LCAAJ_95_AnsSheet_48297/LCAAJ_95_AnsSheet_48297_055.tif,LCAAJ_Box095,LCAAJ_95_AnsSheet_48297_055.tif,restricted,redacted,dont publish
2be069d39bbcb11f93e5839618fccf97  ,/Columbia_LCAAJ_14-003_Shipment002/LCAAJ_Box095/TIFFS/LCAAJ_95_AnsSheet_48297/LCAAJ_95_AnsSheet_48297_053.tif,LCAAJ_Box095,LCAAJ_95_AnsSheet_48297_053.tif,restricted,redacted,dont publish
76712a3edb891a8de9a80c23b479fbae  ,/Columbia_LCAAJ_14-003_Shipment002/LCAAJ_Box095/TIFFS/LCAAJ_95_AnsSheet_48297/LCAAJ_95_AnsSheet_48297_038.tif,LCAAJ_Box095,LCAAJ_95_AnsSheet_48297_038.tif,restricted,redacted,dont publish
fcd91fa2320384e55c6c4ca63e633cde  ,/Columbia_LCAAJ_14-003_Shipment002/LCAAJ_Box095/TIFFS/LCAAJ_95_AnsSheet_48297/LCAAJ_95_AnsSheet_48297_030.tif,LCAAJ_Box095,LCAAJ_95_AnsSheet_48297_030.tif,restricted,redacted,dont publish
3b24cf60fb5f15b9f972677a6e6f5ed8  ,/Columbia_LCAAJ_14-003_Shipment002/LCAAJ_Box095/TIFFS/LCAAJ_95_AnsSheet_48297/LCAAJ_95_AnsSheet_48297_054.tif,LCAAJ_Box095,LCAAJ_95_AnsSheet_48297_054.tif,restricted,redacted,dont publish
bd2ec0521efad91a3b68fb554ac7d5af  ,/Columbia_LCAAJ_14-003_Shipment002/LCAAJ_Box095/TIFFS/LCAAJ_95_AnsSheet_48297/LCAAJ_95_AnsSheet_48297_045.tif,LCAAJ_Box095,LCAAJ_95_AnsSheet_48297_045.tif,restricted,redacted,dont publish
1020f7caeefec0ca2957bfd23eb0a536  ,/Columbia_LCAAJ_14-003_Shipment002/LCAAJ_Box095/TIFFS/LCAAJ_95_AnsSheet_48297/LCAAJ_95_AnsSheet_48297_047.tif,LCAAJ_Box095,LCAAJ_95_AnsSheet_48297_047.tif,restricted,redacted,dont publish
2270f3eaa384221773b331dce9388097  ,/Columbia_LCAAJ_14-003_Shipment002/LCAAJ_Box095/TIFFS/LCAAJ_95_AnsSheet_48297/LCAAJ_95_AnsSheet_48297_032.tif,LCAAJ_Box095,LCAAJ_95_AnsSheet_48297_032.tif,restricted,redacted,dont publish
64386ff2d0d77ad8715008f62dab26fb  ,/Columbia_LCAAJ_14-003_Shipment002/LCAAJ_Box095/TIFFS/LCAAJ_95_AnsSheet_48297/LCAAJ_95_AnsSheet_48297_068.tif,LCAAJ_Box095,LCAAJ_95_AnsSheet_48297_068.tif,restricted,redacted,dont publish
cf6eb11e0619c9a57b85673babb6e8db  ,/Columbia_LCAAJ_14-003_Shipment002/LCAAJ_Box095/TIFFS/LCAAJ_95_AnsSheet_48297/LCAAJ_95_AnsSheet_48297_050.tif,LCAAJ_Box095,LCAAJ_95_AnsSheet_48297_050.tif,restricted,redacted,dont publish
bfd62c10a2f910cff2ee55e301c957a1  ,/Columbia_LCAAJ_14-003_Shipment002/LCAAJ_Box095/TIFFS/LCAAJ_95_AnsSheet_48297/LCAAJ_95_AnsSheet_48297_034.tif,LCAAJ_Box095,LCAAJ_95_AnsSheet_48297_034.tif,restricted,redacted,dont publish
618cbda90d1e28c19935004e99993ca7  ,/Columbia_LCAAJ_14-003_Shipment002/LCAAJ_Box095/TIFFS/LCAAJ_95_AnsSheet_48297/LCAAJ_95_AnsSheet_48297_026.tif,LCAAJ_Box095,LCAAJ_95_AnsSheet_48297_026.tif,restricted,redacted,dont publish
18183f45cc8d6f3b07ebc40ad7b46e24  ,/Columbia_LCAAJ_14-003_Shipment002/LCAAJ_Box095/TIFFS/LCAAJ_95_AnsSheet_48297/LCAAJ_95_AnsSheet_48297_069.tif,LCAAJ_Box095,LCAAJ_95_AnsSheet_48297_069.tif,restricted,redacted,dont publish
44e4324b2f0bf5de505ba4f29743234a  ,/Columbia_LCAAJ_14-003_Shipment002/LCAAJ_Box095/TIFFS/LCAAJ_95_AnsSheet_48297/LCAAJ_95_AnsSheet_48297_037.tif,LCAAJ_Box095,LCAAJ_95_AnsSheet_48297_037.tif,restricted,redacted,dont publish
7a3f9444d60c33b6b46b08a17ffbf51d  ,/Columbia_LCAAJ_14-003_Shipment002/LCAAJ_Box095/TIFFS/LCAAJ_95_AnsSheet_48297/LCAAJ_95_AnsSheet_48297_036.tif,LCAAJ_Box095,LCAAJ_95_AnsSheet_48297_036.tif,restricted,redacted,dont publish
9025e3c6405a3a1a0b84453822e33d36  ,/Columbia_LCAAJ_14-003_Shipment002/LCAAJ_Box095/TIFFS/LCAAJ_95_AnsSheet_48297/LCAAJ_95_AnsSheet_48297_029.tif,LCAAJ_Box095,LCAAJ_95_AnsSheet_48297_029.tif,restricted,redacted,dont publish
3056b9bfc57e481d9ac5b2866ec6e167  ,/Columbia_LCAAJ_14-003_Shipment002/LCAAJ_Box095/TIFFS/LCAAJ_95_AnsSheet_48297/LCAAJ_95_AnsSheet_48297_025.tif,LCAAJ_Box095,LCAAJ_95_AnsSheet_48297_025.tif,restricted,redacted,dont publish
9c51c8cba5ac4ccd1b896c58647e0011  ,/Columbia_LCAAJ_14-003_Shipment002/LCAAJ_Box095/TIFFS/LCAAJ_95_AnsSheet_48297/LCAAJ_95_AnsSheet_48297_024.tif,LCAAJ_Box095,LCAAJ_95_AnsSheet_48297_024.tif,restricted,redacted,dont publish
3aab23d924d5e6756855f5a37e9ccb27  ,/Columbia_LCAAJ_14-003_Shipment002/LCAAJ_Box095/TIFFS/LCAAJ_95_AnsSheet_48297/LCAAJ_95_AnsSheet_48297_070.tif,LCAAJ_Box095,LCAAJ_95_AnsSheet_48297_070.tif,restricted,redacted,dont publish
2ff5a24e0d3b112f081c39edd7bbfb08  ,/Columbia_LCAAJ_14-003_Shipment002/LCAAJ_Box095/TIFFS/LCAAJ_95_AnsSheet_48297/LCAAJ_95_AnsSheet_48297_066.tif,LCAAJ_Box095,LCAAJ_95_AnsSheet_48297_066.tif,restricted,redacted,dont publish
4aedf024d5431c35befaedd712de6894  ,/Columbia_LCAAJ_14-003_Shipment002/LCAAJ_Box095/TIFFS/LCAAJ_95_AnsSheet_48297/LCAAJ_95_AnsSheet_48297_046.tif,LCAAJ_Box095,LCAAJ_95_AnsSheet_48297_046.tif,restricted,redacted,dont publish
05a20fb65a10b568bc8dc6daf99f8aec  ,/Columbia_LCAAJ_14-003_Shipment002/LCAAJ_Box095/TIFFS/LCAAJ_95_AnsSheet_48297/LCAAJ_95_AnsSheet_48297_052.tif,LCAAJ_Box095,LCAAJ_95_AnsSheet_48297_052.tif,restricted,redacted,dont publish
6666073022f416e144dd78cc1667a161  ,/Columbia_LCAAJ_14-003_Shipment002/LCAAJ_Box095/TIFFS/LCAAJ_95_AnsSheet_48297/LCAAJ_95_AnsSheet_48297_031.tif,LCAAJ_Box095,LCAAJ_95_AnsSheet_48297_031.tif,restricted,redacted,dont publish
9ec1ac8b8bb75991f92d5234f705d64c  ,/Columbia_LCAAJ_14-003_Shipment002/LCAAJ_Box095/TIFFS/LCAAJ_95_AnsSheet_48297/LCAAJ_95_AnsSheet_48297_056.tif,LCAAJ_Box095,LCAAJ_95_AnsSheet_48297_056.tif,restricted,redacted,dont publish
54cc1a323dfaeb1e0fe1c100101ba1a4  ,/Columbia_LCAAJ_14-003_Shipment002/LCAAJ_Box095/TIFFS/LCAAJ_95_AnsSheet_48297/LCAAJ_95_AnsSheet_48297_039.tif,LCAAJ_Box095,LCAAJ_95_AnsSheet_48297_039.tif,restricted,redacted,dont publish
479acfb4379af9be0aa9969b55ba4a35  ,/Columbia_LCAAJ_14-003_Shipment002/LCAAJ_Box095/TIFFS/LCAAJ_95_AnsSheet_48309/LCAAJ_95_AnsSheet_48309_00B.tif,LCAAJ_Box095,LCAAJ_95_AnsSheet_48309_00B.tif,restricted,redacted,dont publish
f19322ba676a21f41ebb976bef8fe193  ,/Columbia_LCAAJ_14-003_Shipment002/LCAAJ_Box095/TIFFS/LCAAJ_95_AnsSheet_48302/LCAAJ_95_AnsSheet_48302_00B.tif,LCAAJ_Box095,LCAAJ_95_AnsSheet_48302_00B.tif,restricted,redacted,dont publish
e3a09fe6e5ca6538c3966570ad254479  ,/Columbia_LCAAJ_14-003_Shipment002/LCAAJ_Box095/TIFFS/LCAAJ_95_AnsSheet_48296/LCAAJ_95_AnsSheet_48296_001B.tif,LCAAJ_Box095,LCAAJ_95_AnsSheet_48296_001B.tif,restricted,redacted,dont publish
60ed489fd04bc7cbf77875ff4ea4e271  ,/Columbia_LCAAJ_14-003_Shipment002/LCAAJ_Box107/TIFFS/LCAAJ_107_AnsSheet_49296/LCAAJ_107_AnsSheet_49296_002A.tif,LCAAJ_Box107,LCAAJ_107_AnsSheet_49296_002A.tif,restricted,redacted,dont publish
af40726d6644e93dce5436424b507206  ,/Columbia_LCAAJ_14-003_Shipment007/LCAAJ_Box174/TIFFS/LCAAJ_174_AnsSheet_50206A/LCAAJ_174_AnsSheet_50206A_203F.tif,LCAAJ_Box174,LCAAJ_174_AnsSheet_50206A_203F.tif,restricted,redacted,dont publish
