Box,AIP,Full link
LCAAJ_Box075,LCAAJ_AnsSheet_ur_01-627570e3-4480-4f18-8efa-911f23f86094,/digital/preservation/RBML/LCAAJ/LCAAJ_AnsSheet_ur_01-627570e3-4480-4f18-8efa-911f23f86094/data/objects/Columbia_LCAAJ_14-003_Shipment001
LCAAJ_Box076,LCAAJ_AnsSheet_ur_01-627570e3-4480-4f18-8efa-911f23f86094,/digital/preservation/RBML/LCAAJ/LCAAJ_AnsSheet_ur_01-627570e3-4480-4f18-8efa-911f23f86094/data/objects/Columbia_LCAAJ_14-003_Shipment001
LCAAJ_Box077,LCAAJ_AnsSheet_ur_01-627570e3-4480-4f18-8efa-911f23f86094,/digital/preservation/RBML/LCAAJ/LCAAJ_AnsSheet_ur_01-627570e3-4480-4f18-8efa-911f23f86094/data/objects/Columbia_LCAAJ_14-003_Shipment001
LCAAJ_Box078,LCAAJ_AnsSheet_ur_01-627570e3-4480-4f18-8efa-911f23f86094,/digital/preservation/RBML/LCAAJ/LCAAJ_AnsSheet_ur_01-627570e3-4480-4f18-8efa-911f23f86094/data/objects/Columbia_LCAAJ_14-003_Shipment001
LCAAJ_Box079,LCAAJ_AnsSheet_ur_01-627570e3-4480-4f18-8efa-911f23f86094,/digital/preservation/RBML/LCAAJ/LCAAJ_AnsSheet_ur_01-627570e3-4480-4f18-8efa-911f23f86094/data/objects/Columbia_LCAAJ_14-003_Shipment001
LCAAJ_Box080,LCAAJ_AnsSheet_ur_02-d071d74f-fb60-4ca6-93e8-6c270865a896,/digital/preservation/RBML/LCAAJ/LCAAJ_AnsSheet_ur_02-d071d74f-fb60-4ca6-93e8-6c270865a896/data/objects/Columbia_LCAAJ_14-003_Shipment001
LCAAJ_Box081,LCAAJ_AnsSheet_ur_03-77bd1ee5-8ad7-4b7c-a7ee-caa34376a113,/digital/preservation/RBML/LCAAJ/LCAAJ_AnsSheet_ur_03-77bd1ee5-8ad7-4b7c-a7ee-caa34376a113/data/objects/Columbia_LCAAJ_14-003_Shipment001
LCAAJ_Box082,LCAAJ_AnsSheet_ur_04-1f0da992-a59a-42a0-a7de-e95c2e07f68d,/digital/preservation/RBML/LCAAJ/LCAAJ_AnsSheet_ur_04-1f0da992-a59a-42a0-a7de-e95c2e07f68d/data/objects/Columbia_LCAAJ_14-003_Shipment001
LCAAJ_Box083,LCAAJ_AnsSheet_ur_05-6eff03e9-f223-4879-884b-31c3a7736020,/digital/preservation/RBML/LCAAJ/LCAAJ_AnsSheet_ur_05-6eff03e9-f223-4879-884b-31c3a7736020/data/objects/Columbia_LCAAJ_14-003_Shipment001
LCAAJ_Box084,LCAAJ_AnsSheet_ur_06-06c98a9b-611b-428f-87f2-61b0924e8bf9,/digital/preservation/RBML/LCAAJ/LCAAJ_AnsSheet_ur_06-06c98a9b-611b-428f-87f2-61b0924e8bf9/data/objects/Columbia_LCAAJ_14-003_Shipment001
LCAAJ_Box085,LCAAJ_AnsSheet_ur_07-4572b20f-da75-4a62-9df5-f2275cc1007e,/digital/preservation/RBML/LCAAJ/LCAAJ_AnsSheet_ur_07-4572b20f-da75-4a62-9df5-f2275cc1007e/data/objects/Columbia_LCAAJ_14-003_Shipment001
LCAAJ_Box086,LCAAJ_AnsSheet_ur_08-6f5edcf8-a851-46c9-9e11-ed52195810c5,/digital/preservation/RBML/LCAAJ/LCAAJ_AnsSheet_ur_08-6f5edcf8-a851-46c9-9e11-ed52195810c5/data/objects/Columbia_LCAAJ_14-003_Shipment001
LCAAJ_Box087,LCAAJ_AnsSheet_ur_09-fb5607f4-0a37-4cc0-a422-d4a06919084e,/digital/preservation/RBML/LCAAJ/LCAAJ_AnsSheet_ur_09-fb5607f4-0a37-4cc0-a422-d4a06919084e/data/objects/Columbia_LCAAJ_14-003_Shipment001
LCAAJ_Box088,LCAAJ_AnsSheet_ur_10-ae376c78-da31-429c-900d-2fccf444f868,/digital/preservation/RBML/LCAAJ/LCAAJ_AnsSheet_ur_10-ae376c78-da31-429c-900d-2fccf444f868/data/objects/Columbia_LCAAJ_14-003_Shipment001
LCAAJ_Box089,LCAAJ_AnsSheet_ur_11-f1379f80-b45d-482c-8ee9-a5d609d7243c,/digital/preservation/RBML/LCAAJ/LCAAJ_AnsSheet_ur_11-f1379f80-b45d-482c-8ee9-a5d609d7243c/data/objects/Columbia_LCAAJ_14-003_Shipment001
LCAAJ_Box090,LCAAJ_AnsSheet_ur_12-9fb65aa9-79ec-4b4b-a13a-5d86517c1240,/digital/preservation/RBML/LCAAJ/LCAAJ_AnsSheet_ur_12-9fb65aa9-79ec-4b4b-a13a-5d86517c1240/data/objects/Columbia_LCAAJ_14-003_Shipment001
LCAAJ_Box091,LCAAJ_AnsSheet_ur_13-cc511e29-05cc-43a0-80ea-fef5e2103e94,/digital/preservation/RBML/LCAAJ/LCAAJ_AnsSheet_ur_13-cc511e29-05cc-43a0-80ea-fef5e2103e94/data/objects/Columbia_LCAAJ_14-003_Shipment001
LCAAJ_Box092,LCAAJ_AnsSheet_ur_14-03645d55-70ab-4527-868b-5916e002e2e1,/digital/preservation/RBML/LCAAJ/LCAAJ_AnsSheet_ur_14-03645d55-70ab-4527-868b-5916e002e2e1/data/objects/Columbia_LCAAJ_14-003_Shipment002
LCAAJ_Box093,LCAAJ_AnsSheet_ur_14-03645d55-70ab-4527-868b-5916e002e2e1,/digital/preservation/RBML/LCAAJ/LCAAJ_AnsSheet_ur_14-03645d55-70ab-4527-868b-5916e002e2e1/data/objects/Columbia_LCAAJ_14-003_Shipment002
LCAAJ_Box094,LCAAJ_AnsSheet_ur_14-03645d55-70ab-4527-868b-5916e002e2e1,/digital/preservation/RBML/LCAAJ/LCAAJ_AnsSheet_ur_14-03645d55-70ab-4527-868b-5916e002e2e1/data/objects/Columbia_LCAAJ_14-003_Shipment002
LCAAJ_Box095,LCAAJ_AnsSheet_ur_14-03645d55-70ab-4527-868b-5916e002e2e1,/digital/preservation/RBML/LCAAJ/LCAAJ_AnsSheet_ur_14-03645d55-70ab-4527-868b-5916e002e2e1/data/objects/Columbia_LCAAJ_14-003_Shipment002
LCAAJ_Box096,LCAAJ_AnsSheet_ur_14-03645d55-70ab-4527-868b-5916e002e2e1,/digital/preservation/RBML/LCAAJ/LCAAJ_AnsSheet_ur_14-03645d55-70ab-4527-868b-5916e002e2e1/data/objects/Columbia_LCAAJ_14-003_Shipment002
LCAAJ_Box097,LCAAJ_AnsSheet_ur_14-03645d55-70ab-4527-868b-5916e002e2e1,/digital/preservation/RBML/LCAAJ/LCAAJ_AnsSheet_ur_14-03645d55-70ab-4527-868b-5916e002e2e1/data/objects/Columbia_LCAAJ_14-003_Shipment002
LCAAJ_Box098,LCAAJ_AnsSheet_ur_15-47310581-f31b-4095-be2e-c893389c4f12,/digital/preservation/RBML/LCAAJ/LCAAJ_AnsSheet_ur_15-47310581-f31b-4095-be2e-c893389c4f12/data/objects/Columbia_LCAAJ_14-003_Shipment002
LCAAJ_Box099,LCAAJ_AnsSheet_ur_15-47310581-f31b-4095-be2e-c893389c4f12,/digital/preservation/RBML/LCAAJ/LCAAJ_AnsSheet_ur_15-47310581-f31b-4095-be2e-c893389c4f12/data/objects/Columbia_LCAAJ_14-003_Shipment002
LCAAJ_Box100,LCAAJ_AnsSheet_ur_15-47310581-f31b-4095-be2e-c893389c4f12,/digital/preservation/RBML/LCAAJ/LCAAJ_AnsSheet_ur_15-47310581-f31b-4095-be2e-c893389c4f12/data/objects/Columbia_LCAAJ_14-003_Shipment002
LCAAJ_Box101,LCAAJ_AnsSheet_ur_15-47310581-f31b-4095-be2e-c893389c4f12,/digital/preservation/RBML/LCAAJ/LCAAJ_AnsSheet_ur_15-47310581-f31b-4095-be2e-c893389c4f12/data/objects/Columbia_LCAAJ_14-003_Shipment002
LCAAJ_Box102,LCAAJ_AnsSheet_ur_15-47310581-f31b-4095-be2e-c893389c4f12,/digital/preservation/RBML/LCAAJ/LCAAJ_AnsSheet_ur_15-47310581-f31b-4095-be2e-c893389c4f12/data/objects/Columbia_LCAAJ_14-003_Shipment002
LCAAJ_Box103,LCAAJ_AnsSheet_ur_15-47310581-f31b-4095-be2e-c893389c4f12,/digital/preservation/RBML/LCAAJ/LCAAJ_AnsSheet_ur_15-47310581-f31b-4095-be2e-c893389c4f12/data/objects/Columbia_LCAAJ_14-003_Shipment002
LCAAJ_Box104,LCAAJ_AnsSheet_ur_16-3603e9bb-234f-481e-8482-57be683738be,/digital/preservation/RBML/LCAAJ/LCAAJ_AnsSheet_ur_16-3603e9bb-234f-481e-8482-57be683738be/data/objects/Columbia_LCAAJ_14-003_Shipment002
LCAAJ_Box105,LCAAJ_AnsSheet_ur_16-3603e9bb-234f-481e-8482-57be683738be,/digital/preservation/RBML/LCAAJ/LCAAJ_AnsSheet_ur_16-3603e9bb-234f-481e-8482-57be683738be/data/objects/Columbia_LCAAJ_14-003_Shipment002
LCAAJ_Box106,LCAAJ_AnsSheet_ur_16-3603e9bb-234f-481e-8482-57be683738be,/digital/preservation/RBML/LCAAJ/LCAAJ_AnsSheet_ur_16-3603e9bb-234f-481e-8482-57be683738be/data/objects/Columbia_LCAAJ_14-003_Shipment002
LCAAJ_Box107,LCAAJ_AnsSheet_ur_16-3603e9bb-234f-481e-8482-57be683738be,/digital/preservation/RBML/LCAAJ/LCAAJ_AnsSheet_ur_16-3603e9bb-234f-481e-8482-57be683738be/data/objects/Columbia_LCAAJ_14-003_Shipment002
LCAAJ_Box108,LCAAJ_AnsSheet_ur_16-3603e9bb-234f-481e-8482-57be683738be,/digital/preservation/RBML/LCAAJ/LCAAJ_AnsSheet_ur_16-3603e9bb-234f-481e-8482-57be683738be/data/objects/Columbia_LCAAJ_14-003_Shipment002
LCAAJ_Box109,LCAAJ_AnsSheet_ur_17-553cfe15-c7f1-4434-8f70-b88052819e3f,/digital/preservation/RBML/LCAAJ/LCAAJ_AnsSheet_ur_17-553cfe15-c7f1-4434-8f70-b88052819e3f/data/objects/Columbia_LCAAJ_14-003_Shipment004
LCAAJ_Box110,LCAAJ_AnsSheet_ur_16-3603e9bb-234f-481e-8482-57be683738be,/digital/preservation/RBML/LCAAJ/LCAAJ_AnsSheet_ur_16-3603e9bb-234f-481e-8482-57be683738be/data/objects/Columbia_LCAAJ_14-003_Shipment002
LCAAJ_Box111,LCAAJ_AnsSheet_ur_17-553cfe15-c7f1-4434-8f70-b88052819e3f,/digital/preservation/RBML/LCAAJ/LCAAJ_AnsSheet_ur_17-553cfe15-c7f1-4434-8f70-b88052819e3f/data/objects/Columbia_LCAAJ_14-003_Shipment004
LCAAJ_Box112,LCAAJ_AnsSheet_ur_17-553cfe15-c7f1-4434-8f70-b88052819e3f,/digital/preservation/RBML/LCAAJ/LCAAJ_AnsSheet_ur_17-553cfe15-c7f1-4434-8f70-b88052819e3f/data/objects/Columbia_LCAAJ_14-003_Shipment004
LCAAJ_Box113,LCAAJ_AnsSheet_ur_17-553cfe15-c7f1-4434-8f70-b88052819e3f,/digital/preservation/RBML/LCAAJ/LCAAJ_AnsSheet_ur_17-553cfe15-c7f1-4434-8f70-b88052819e3f/data/objects/Columbia_LCAAJ_14-003_Shipment004
LCAAJ_Box114,LCAAJ_AnsSheet_ur_17-553cfe15-c7f1-4434-8f70-b88052819e3f,/digital/preservation/RBML/LCAAJ/LCAAJ_AnsSheet_ur_17-553cfe15-c7f1-4434-8f70-b88052819e3f/data/objects/Columbia_LCAAJ_14-003_Shipment004
LCAAJ_Box115,LCAAJ_AnsSheet_ur_18-4868aa98-75bf-4d6f-bd07-2ff04f349609,/digital/preservation/RBML/LCAAJ/LCAAJ_AnsSheet_ur_18-4868aa98-75bf-4d6f-bd07-2ff04f349609/data/objects/Columbia_LCAAJ_14-003_Shipment005
LCAAJ_Box116,LCAAJ_AnsSheet_ur_18-4868aa98-75bf-4d6f-bd07-2ff04f349609,/digital/preservation/RBML/LCAAJ/LCAAJ_AnsSheet_ur_18-4868aa98-75bf-4d6f-bd07-2ff04f349609/data/objects/Columbia_LCAAJ_14-003_Shipment005
LCAAJ_Box117,LCAAJ_AnsSheet_ur_18-4868aa98-75bf-4d6f-bd07-2ff04f349609,/digital/preservation/RBML/LCAAJ/LCAAJ_AnsSheet_ur_18-4868aa98-75bf-4d6f-bd07-2ff04f349609/data/objects/Columbia_LCAAJ_14-003_Shipment005
LCAAJ_Box118,LCAAJ_AnsSheet_ur_18-4868aa98-75bf-4d6f-bd07-2ff04f349609,/digital/preservation/RBML/LCAAJ/LCAAJ_AnsSheet_ur_18-4868aa98-75bf-4d6f-bd07-2ff04f349609/data/objects/Columbia_LCAAJ_14-003_Shipment005
LCAAJ_Box119,LCAAJ_AnsSheet_ur_18-4868aa98-75bf-4d6f-bd07-2ff04f349609,/digital/preservation/RBML/LCAAJ/LCAAJ_AnsSheet_ur_18-4868aa98-75bf-4d6f-bd07-2ff04f349609/data/objects/Columbia_LCAAJ_14-003_Shipment005
LCAAJ_Box120,LCAAJ_AnsSheet_ur_19-64cbf53c-891b-4f4c-a2dc-f6454b300a73,/digital/preservation/RBML/LCAAJ/LCAAJ_AnsSheet_ur_19-64cbf53c-891b-4f4c-a2dc-f6454b300a73/data/objects/Columbia_LCAAJ_14-003_Shipment005
LCAAJ_Box121,LCAAJ_AnsSheet_ur_19-64cbf53c-891b-4f4c-a2dc-f6454b300a73,/digital/preservation/RBML/LCAAJ/LCAAJ_AnsSheet_ur_19-64cbf53c-891b-4f4c-a2dc-f6454b300a73/data/objects/Columbia_LCAAJ_14-003_Shipment005
LCAAJ_Box122,LCAAJ_AnsSheet_ur_19-64cbf53c-891b-4f4c-a2dc-f6454b300a73,/digital/preservation/RBML/LCAAJ/LCAAJ_AnsSheet_ur_19-64cbf53c-891b-4f4c-a2dc-f6454b300a73/data/objects/Columbia_LCAAJ_14-003_Shipment005
LCAAJ_Box123,LCAAJ_AnsSheet_ur_19-64cbf53c-891b-4f4c-a2dc-f6454b300a73,/digital/preservation/RBML/LCAAJ/LCAAJ_AnsSheet_ur_19-64cbf53c-891b-4f4c-a2dc-f6454b300a73/data/objects/Columbia_LCAAJ_14-003_Shipment005
LCAAJ_Box124,LCAAJ_AnsSheet_ur_19-64cbf53c-891b-4f4c-a2dc-f6454b300a73,/digital/preservation/RBML/LCAAJ/LCAAJ_AnsSheet_ur_19-64cbf53c-891b-4f4c-a2dc-f6454b300a73/data/objects/Columbia_LCAAJ_14-003_Shipment005
LCAAJ_Box125,LCAAJ_AnsSheet_ur_20-3f2628aa-192e-491e-8d90-765c54e8ba09,/digital/preservation/RBML/LCAAJ/LCAAJ_AnsSheet_ur_20-3f2628aa-192e-491e-8d90-765c54e8ba09/data/objects/Columbia_LCAAJ_14-003_Shipment005
LCAAJ_Box126,LCAAJ_AnsSheet_ur_20-3f2628aa-192e-491e-8d90-765c54e8ba09,/digital/preservation/RBML/LCAAJ/LCAAJ_AnsSheet_ur_20-3f2628aa-192e-491e-8d90-765c54e8ba09/data/objects/Columbia_LCAAJ_14-003_Shipment005
LCAAJ_Box127,LCAAJ_AnsSheet_ur_20-3f2628aa-192e-491e-8d90-765c54e8ba09,/digital/preservation/RBML/LCAAJ/LCAAJ_AnsSheet_ur_20-3f2628aa-192e-491e-8d90-765c54e8ba09/data/objects/Columbia_LCAAJ_14-003_Shipment005
LCAAJ_Box128,LCAAJ_AnsSheet_ur_20-3f2628aa-192e-491e-8d90-765c54e8ba09,/digital/preservation/RBML/LCAAJ/LCAAJ_AnsSheet_ur_20-3f2628aa-192e-491e-8d90-765c54e8ba09/data/objects/Columbia_LCAAJ_14-003_Shipment005
LCAAJ_Box129,LCAAJ_AnsSheet_ur_20-3f2628aa-192e-491e-8d90-765c54e8ba09,/digital/preservation/RBML/LCAAJ/LCAAJ_AnsSheet_ur_20-3f2628aa-192e-491e-8d90-765c54e8ba09/data/objects/Columbia_LCAAJ_14-003_Shipment005
LCAAJ_Box130,LCAAJ_AnsSheet_ur_21-36ad126b-8b17-4060-aecd-7f8ddde6fb99,/digital/preservation/RBML/LCAAJ/LCAAJ_AnsSheet_ur_21-36ad126b-8b17-4060-aecd-7f8ddde6fb99/data/objects/Columbia_LCAAJ_14-003_Shipment005
LCAAJ_Box131,LCAAJ_AnsSheet_ur_21-36ad126b-8b17-4060-aecd-7f8ddde6fb99,/digital/preservation/RBML/LCAAJ/LCAAJ_AnsSheet_ur_21-36ad126b-8b17-4060-aecd-7f8ddde6fb99/data/objects/Columbia_LCAAJ_14-003_Shipment005
LCAAJ_Box132,LCAAJ_AnsSheet_ur_21-36ad126b-8b17-4060-aecd-7f8ddde6fb99,/digital/preservation/RBML/LCAAJ/LCAAJ_AnsSheet_ur_21-36ad126b-8b17-4060-aecd-7f8ddde6fb99/data/objects/Columbia_LCAAJ_14-003_Shipment005
LCAAJ_Box133,LCAAJ_AnsSheet_ur_21-36ad126b-8b17-4060-aecd-7f8ddde6fb99,/digital/preservation/RBML/LCAAJ/LCAAJ_AnsSheet_ur_21-36ad126b-8b17-4060-aecd-7f8ddde6fb99/data/objects/Columbia_LCAAJ_14-003_Shipment005
LCAAJ_Box134,LCAAJ_AnsSheet_ur_22-eb4cf1c2-3b74-4208-a8e5-7fc0366d7a81,/digital/preservation/RBML/LCAAJ/LCAAJ_AnsSheet_ur_22-eb4cf1c2-3b74-4208-a8e5-7fc0366d7a81/data/objects/Columbia_LCAAJ_14-003_Shipment005_part2
LCAAJ_Box135,LCAAJ_AnsSheet_ur_22-eb4cf1c2-3b74-4208-a8e5-7fc0366d7a81,/digital/preservation/RBML/LCAAJ/LCAAJ_AnsSheet_ur_22-eb4cf1c2-3b74-4208-a8e5-7fc0366d7a81/data/objects/Columbia_LCAAJ_14-003_Shipment005_part2
LCAAJ_Box136,LCAAJ_AnsSheet_ur_22-eb4cf1c2-3b74-4208-a8e5-7fc0366d7a81,/digital/preservation/RBML/LCAAJ/LCAAJ_AnsSheet_ur_22-eb4cf1c2-3b74-4208-a8e5-7fc0366d7a81/data/objects/Columbia_LCAAJ_14-003_Shipment005_part2
LCAAJ_Box137,LCAAJ_AnsSheet_ur_22-eb4cf1c2-3b74-4208-a8e5-7fc0366d7a81,/digital/preservation/RBML/LCAAJ/LCAAJ_AnsSheet_ur_22-eb4cf1c2-3b74-4208-a8e5-7fc0366d7a81/data/objects/Columbia_LCAAJ_14-003_Shipment005_part2
LCAAJ_Box138,LCAAJ_AnsSheet_ur_22-eb4cf1c2-3b74-4208-a8e5-7fc0366d7a81,/digital/preservation/RBML/LCAAJ/LCAAJ_AnsSheet_ur_22-eb4cf1c2-3b74-4208-a8e5-7fc0366d7a81/data/objects/Columbia_LCAAJ_14-003_Shipment005_part2
LCAAJ_Box139,LCAAJ_AnsSheet_ur_23-6507c407-2744-4f68-b103-5ac0b8a9115f,/digital/preservation/RBML/LCAAJ/LCAAJ_AnsSheet_ur_23-6507c407-2744-4f68-b103-5ac0b8a9115f/data/objects/Columbia_LCAAJ_14-003_Shipment005_part2
LCAAJ_Box140,LCAAJ_AnsSheet_ur_23-6507c407-2744-4f68-b103-5ac0b8a9115f,/digital/preservation/RBML/LCAAJ/LCAAJ_AnsSheet_ur_23-6507c407-2744-4f68-b103-5ac0b8a9115f/data/objects/Columbia_LCAAJ_14-003_Shipment005_part2
LCAAJ_Box141,LCAAJ_AnsSheet_ur_23-6507c407-2744-4f68-b103-5ac0b8a9115f,/digital/preservation/RBML/LCAAJ/LCAAJ_AnsSheet_ur_23-6507c407-2744-4f68-b103-5ac0b8a9115f/data/objects/Columbia_LCAAJ_14-003_Shipment005_part2
LCAAJ_Box142,LCAAJ_AnsSheet_ur_23-6507c407-2744-4f68-b103-5ac0b8a9115f,/digital/preservation/RBML/LCAAJ/LCAAJ_AnsSheet_ur_23-6507c407-2744-4f68-b103-5ac0b8a9115f/data/objects/Columbia_LCAAJ_14-003_Shipment005_part2
LCAAJ_Box143,LCAAJ_AnsSheet_ur_24-040d6037-a729-4c60-94ca-2ab633a9858c,/digital/preservation/RBML/LCAAJ/LCAAJ_AnsSheet_ur_24-040d6037-a729-4c60-94ca-2ab633a9858c/data/objects/Columbia_LCAAJ_14-003_Shipment006
LCAAJ_Box144,LCAAJ_AnsSheet_ur_24-040d6037-a729-4c60-94ca-2ab633a9858c,/digital/preservation/RBML/LCAAJ/LCAAJ_AnsSheet_ur_24-040d6037-a729-4c60-94ca-2ab633a9858c/data/objects/Columbia_LCAAJ_14-003_Shipment006
LCAAJ_Box145,LCAAJ_AnsSheet_ur_24-040d6037-a729-4c60-94ca-2ab633a9858c,/digital/preservation/RBML/LCAAJ/LCAAJ_AnsSheet_ur_24-040d6037-a729-4c60-94ca-2ab633a9858c/data/objects/Columbia_LCAAJ_14-003_Shipment006
LCAAJ_Box146,LCAAJ_AnsSheet_ur_24-040d6037-a729-4c60-94ca-2ab633a9858c,/digital/preservation/RBML/LCAAJ/LCAAJ_AnsSheet_ur_24-040d6037-a729-4c60-94ca-2ab633a9858c/data/objects/Columbia_LCAAJ_14-003_Shipment006
LCAAJ_Box147,LCAAJ_AnsSheet_ur_24-040d6037-a729-4c60-94ca-2ab633a9858c,/digital/preservation/RBML/LCAAJ/LCAAJ_AnsSheet_ur_24-040d6037-a729-4c60-94ca-2ab633a9858c/data/objects/Columbia_LCAAJ_14-003_Shipment006
LCAAJ_Box148,LCAAJ_AnsSheet_ur_25-f7bc3705-f39b-4868-ba75-61be91ab0bfe,/digital/preservation/RBML/LCAAJ/LCAAJ_AnsSheet_ur_25-f7bc3705-f39b-4868-ba75-61be91ab0bfe/data/objects/Columbia_LCAAJ_14-003_Shipment006
LCAAJ_Box149,LCAAJ_AnsSheet_ur_25-f7bc3705-f39b-4868-ba75-61be91ab0bfe,/digital/preservation/RBML/LCAAJ/LCAAJ_AnsSheet_ur_25-f7bc3705-f39b-4868-ba75-61be91ab0bfe/data/objects/Columbia_LCAAJ_14-003_Shipment006
LCAAJ_Box150,LCAAJ_AnsSheet_ur_25-f7bc3705-f39b-4868-ba75-61be91ab0bfe,/digital/preservation/RBML/LCAAJ/LCAAJ_AnsSheet_ur_25-f7bc3705-f39b-4868-ba75-61be91ab0bfe/data/objects/Columbia_LCAAJ_14-003_Shipment006
LCAAJ_Box151,LCAAJ_AnsSheet_ur_25-f7bc3705-f39b-4868-ba75-61be91ab0bfe,/digital/preservation/RBML/LCAAJ/LCAAJ_AnsSheet_ur_25-f7bc3705-f39b-4868-ba75-61be91ab0bfe/data/objects/Columbia_LCAAJ_14-003_Shipment006
LCAAJ_Box152,LCAAJ_AnsSheet_ur_25-f7bc3705-f39b-4868-ba75-61be91ab0bfe,/digital/preservation/RBML/LCAAJ/LCAAJ_AnsSheet_ur_25-f7bc3705-f39b-4868-ba75-61be91ab0bfe/data/objects/Columbia_LCAAJ_14-003_Shipment006
LCAAJ_Box153,LCAAJ_AnsSheet_ur_26-a061834c-ee8a-4022-a534-e17e87e1c557,/digital/preservation/RBML/LCAAJ/LCAAJ_AnsSheet_ur_26-a061834c-ee8a-4022-a534-e17e87e1c557/data/objects/Columbia_LCAAJ_14-003_Shipment006
LCAAJ_Box154,LCAAJ_AnsSheet_ur_26-a061834c-ee8a-4022-a534-e17e87e1c557,/digital/preservation/RBML/LCAAJ/LCAAJ_AnsSheet_ur_26-a061834c-ee8a-4022-a534-e17e87e1c557/data/objects/Columbia_LCAAJ_14-003_Shipment006
LCAAJ_Box155,LCAAJ_AnsSheet_ur_26-a061834c-ee8a-4022-a534-e17e87e1c557,/digital/preservation/RBML/LCAAJ/LCAAJ_AnsSheet_ur_26-a061834c-ee8a-4022-a534-e17e87e1c557/data/objects/Columbia_LCAAJ_14-003_Shipment006
LCAAJ_Box156,LCAAJ_AnsSheet_ur_26-a061834c-ee8a-4022-a534-e17e87e1c557,/digital/preservation/RBML/LCAAJ/LCAAJ_AnsSheet_ur_26-a061834c-ee8a-4022-a534-e17e87e1c557/data/objects/Columbia_LCAAJ_14-003_Shipment006
LCAAJ_Box157,LCAAJ_AnsSheet_ur_26-a061834c-ee8a-4022-a534-e17e87e1c557,/digital/preservation/RBML/LCAAJ/LCAAJ_AnsSheet_ur_26-a061834c-ee8a-4022-a534-e17e87e1c557/data/objects/Columbia_LCAAJ_14-003_Shipment006
LCAAJ_Box158,LCAAJ_AnsSheet_ur_27-20e2fcb4-cad4-466e-8e0e-3b722929dad0,/digital/preservation/RBML/LCAAJ/LCAAJ_AnsSheet_ur_27-20e2fcb4-cad4-466e-8e0e-3b722929dad0/data/objects/Columbia_LCAAJ_14-003_Shipment006
LCAAJ_Box159,LCAAJ_AnsSheet_ur_27-20e2fcb4-cad4-466e-8e0e-3b722929dad0,/digital/preservation/RBML/LCAAJ/LCAAJ_AnsSheet_ur_27-20e2fcb4-cad4-466e-8e0e-3b722929dad0/data/objects/Columbia_LCAAJ_14-003_Shipment006
LCAAJ_Box160,LCAAJ_AnsSheet_ur_27-20e2fcb4-cad4-466e-8e0e-3b722929dad0,/digital/preservation/RBML/LCAAJ/LCAAJ_AnsSheet_ur_27-20e2fcb4-cad4-466e-8e0e-3b722929dad0/data/objects/Columbia_LCAAJ_14-003_Shipment006
LCAAJ_Box161,LCAAJ_AnsSheet_ur_27-20e2fcb4-cad4-466e-8e0e-3b722929dad0,/digital/preservation/RBML/LCAAJ/LCAAJ_AnsSheet_ur_27-20e2fcb4-cad4-466e-8e0e-3b722929dad0/data/objects/Columbia_LCAAJ_14-003_Shipment006
LCAAJ_Box162,LCAAJ_AnsSheet_ur_28-1711bc9c-fda8-47f5-99d7-eb21cd7643af,/digital/preservation/RBML/LCAAJ/LCAAJ_AnsSheet_ur_28-1711bc9c-fda8-47f5-99d7-eb21cd7643af/data/objects/Columbia_LCAAJ_14-003_Shipment006_part2
LCAAJ_Box163,LCAAJ_AnsSheet_ur_28-1711bc9c-fda8-47f5-99d7-eb21cd7643af,/digital/preservation/RBML/LCAAJ/LCAAJ_AnsSheet_ur_28-1711bc9c-fda8-47f5-99d7-eb21cd7643af/data/objects/Columbia_LCAAJ_14-003_Shipment006_part2
LCAAJ_Box164,LCAAJ_AnsSheet_ur_28-1711bc9c-fda8-47f5-99d7-eb21cd7643af,/digital/preservation/RBML/LCAAJ/LCAAJ_AnsSheet_ur_28-1711bc9c-fda8-47f5-99d7-eb21cd7643af/data/objects/Columbia_LCAAJ_14-003_Shipment006_part2
LCAAJ_Box165,LCAAJ_AnsSheet_ur_28-1711bc9c-fda8-47f5-99d7-eb21cd7643af,/digital/preservation/RBML/LCAAJ/LCAAJ_AnsSheet_ur_28-1711bc9c-fda8-47f5-99d7-eb21cd7643af/data/objects/Columbia_LCAAJ_14-003_Shipment006_part2
LCAAJ_Box166,LCAAJ_AnsSheet_ur_28-1711bc9c-fda8-47f5-99d7-eb21cd7643af,/digital/preservation/RBML/LCAAJ/LCAAJ_AnsSheet_ur_28-1711bc9c-fda8-47f5-99d7-eb21cd7643af/data/objects/Columbia_LCAAJ_14-003_Shipment006_part2
LCAAJ_Box167,LCAAJ_AnsSheet_ur_29-ba4080c4-b3ee-436a-8b15-60c5ad29f351,/digital/preservation/RBML/LCAAJ/LCAAJ_AnsSheet_ur_29-ba4080c4-b3ee-436a-8b15-60c5ad29f351/data/objects/Columbia_LCAAJ_14-003_Shipment006_part2
LCAAJ_Box168,LCAAJ_AnsSheet_ur_29-ba4080c4-b3ee-436a-8b15-60c5ad29f351,/digital/preservation/RBML/LCAAJ/LCAAJ_AnsSheet_ur_29-ba4080c4-b3ee-436a-8b15-60c5ad29f351/data/objects/Columbia_LCAAJ_14-003_Shipment006_part2
LCAAJ_Box169,LCAAJ_AnsSheet_ur_29-ba4080c4-b3ee-436a-8b15-60c5ad29f351,/digital/preservation/RBML/LCAAJ/LCAAJ_AnsSheet_ur_29-ba4080c4-b3ee-436a-8b15-60c5ad29f351/data/objects/Columbia_LCAAJ_14-003_Shipment006_part2
LCAAJ_Box170,LCAAJ_AnsSheet_ur_29-ba4080c4-b3ee-436a-8b15-60c5ad29f351,/digital/preservation/RBML/LCAAJ/LCAAJ_AnsSheet_ur_29-ba4080c4-b3ee-436a-8b15-60c5ad29f351/data/objects/Columbia_LCAAJ_14-003_Shipment006_part2
LCAAJ_Box171,LCAAJ_AnsSheet_ur_29-ba4080c4-b3ee-436a-8b15-60c5ad29f351,/digital/preservation/RBML/LCAAJ/LCAAJ_AnsSheet_ur_29-ba4080c4-b3ee-436a-8b15-60c5ad29f351/data/objects/Columbia_LCAAJ_14-003_Shipment006_part2
LCAAJ_Box173,LCAAJ_AnsSheet_ur_30-21a8f195-c384-47c8-a41b-8d52eec79331,/digital/preservation/RBML/LCAAJ/LCAAJ_AnsSheet_ur_30-21a8f195-c384-47c8-a41b-8d52eec79331/data/objects/Columbia_LCAAJ_14-003_Shipment006_part2
LCAAJ_Box176,LCAAJ_AnsSheet_ur_30-21a8f195-c384-47c8-a41b-8d52eec79331,/digital/preservation/RBML/LCAAJ/LCAAJ_AnsSheet_ur_30-21a8f195-c384-47c8-a41b-8d52eec79331/data/objects/Columbia_LCAAJ_14-003_Shipment006_part2
LCAAJ_Box177,LCAAJ_AnsSheet_ur_30-21a8f195-c384-47c8-a41b-8d52eec79331,/digital/preservation/RBML/LCAAJ/LCAAJ_AnsSheet_ur_30-21a8f195-c384-47c8-a41b-8d52eec79331/data/objects/Columbia_LCAAJ_14-003_Shipment006_part2
LCAAJ_Box178,LCAAJ_AnsSheet_ur_30-21a8f195-c384-47c8-a41b-8d52eec79331,/digital/preservation/RBML/LCAAJ/LCAAJ_AnsSheet_ur_30-21a8f195-c384-47c8-a41b-8d52eec79331/data/objects/Columbia_LCAAJ_14-003_Shipment006_part2
LCAAJ_Box179,LCAAJ_AnsSheet_ur_30-21a8f195-c384-47c8-a41b-8d52eec79331,/digital/preservation/RBML/LCAAJ/LCAAJ_AnsSheet_ur_30-21a8f195-c384-47c8-a41b-8d52eec79331/data/objects/Columbia_LCAAJ_14-003_Shipment006_part2
LCAAJ_Box180,LCAAJ_AnsSheet_ur_30-21a8f195-c384-47c8-a41b-8d52eec79331,/digital/preservation/RBML/LCAAJ/LCAAJ_AnsSheet_ur_30-21a8f195-c384-47c8-a41b-8d52eec79331/data/objects/Columbia_LCAAJ_14-003_Shipment006_part2
LCAAJ_Box181,LCAAJ_AnsSheet_ur_30-21a8f195-c384-47c8-a41b-8d52eec79331,/digital/preservation/RBML/LCAAJ/LCAAJ_AnsSheet_ur_30-21a8f195-c384-47c8-a41b-8d52eec79331/data/objects/Columbia_LCAAJ_14-003_Shipment006_part2
LCAAJ_Box174,LCAAJ_AnsSheet_ur_31-9b226b68-c18e-4330-8af1-7b54550ef53d,/digital/preservation/RBML/LCAAJ/LCAAJ_AnsSheet_ur_31-9b226b68-c18e-4330-8af1-7b54550ef53d/data/objects/Columbia_LCAAJ_14-003_Shipment007
LCAAJ_Box175,LCAAJ_AnsSheet_ur_31-9b226b68-c18e-4330-8af1-7b54550ef53d,/digital/preservation/RBML/LCAAJ/LCAAJ_AnsSheet_ur_31-9b226b68-c18e-4330-8af1-7b54550ef53d/data/objects/Columbia_LCAAJ_14-003_Shipment007
Redacted_Images,LCAAJ_AnsSheet_ur_32-d2515071-5b8a-41c4-b24f-55d6dfb6df5e,/digital/preservation/RBML/LCAAJ/LCAAJ_AnsSheet_ur_32-d2515071-5b8a-41c4-b24f-55d6dfb6df5e/data/objects/Columbia_LCAAJ_Redacted_Images
